ItalyPowerDemand,cBOSS,train,0,NANOSECONDS,PREDICTIONS, Generated by BasicReproductionTests at 2020-11-30 17:01:09
tsml.classifiers.dictionary_based.cBOSS, 2020-11-30 17:01:09, 1606755669307
0.923226433430515,219112400,827456300,-1,-1,2,,-1,-1
1,1,,0.398423,0.601577,,1463500,,
1,1,,0.46498,0.53502,,1476500,,
1,1,,0.23872,0.76128,,1738300,,
1,1,,0.431944,0.568056,,1176200,,
1,1,,0.230466,0.769534,,1350700,,
0,0,,0.902808,0.097192,,1138400,,
1,1,,0.182422,0.817578,,1085500,,
1,1,,0.124359,0.875641,,933500,,
1,1,,0.217536,0.782464,,891400,,
1,1,,0.024059,0.975941,,857100,,
1,1,,0.376305,0.623695,,825600,,
1,1,,0.479609,0.520391,,880100,,
1,1,,0.209924,0.790076,,871000,,
0,0,,0.781074,0.218926,,914300,,
0,1,,0.438353,0.561647,,915000,,
1,1,,0.146503,0.853497,,836100,,
0,0,,0.877864,0.122136,,870800,,
0,0,,0.941026,0.058974,,870200,,
0,0,,0.915079,0.084921,,904900,,
1,1,,0.456851,0.543149,,971400,,
0,0,,0.71947,0.28053,,946800,,
0,0,,0.804787,0.195213,,858000,,
1,1,,0.449899,0.550101,,850700,,
0,0,,0.803207,0.196793,,867000,,
1,1,,0.394659,0.605341,,834400,,
0,0,,0.930038,0.069962,,840100,,
0,0,,0.767943,0.232057,,835300,,
0,0,,0.772778,0.227222,,935700,,
1,1,,0.060497,0.939503,,930700,,
0,0,,0.912371,0.087629,,897300,,
0,0,,0.851929,0.148071,,930400,,
0,0,,0.843092,0.156908,,1049600,,
0,1,,0.47737,0.52263,,993100,,
1,1,,0.07853,0.92147,,1021600,,
1,1,,0.288323,0.711677,,1109700,,
0,0,,0.867997,0.132003,,2666100,,
1,1,,0.281278,0.718722,,1372800,,
0,0,,0.648028,0.351972,,1242400,,
1,1,,0.391679,0.608321,,1186300,,
0,0,,0.779754,0.220246,,1214500,,
1,1,,0.084663,0.915337,,1125800,,
1,1,,0.058774,0.941226,,1161900,,
1,1,,0,1,,1093600,,
1,1,,0.395731,0.604269,,949700,,
0,0,,0.978688,0.021312,,833000,,
1,1,,0.213403,0.786597,,1006800,,
1,1,,0.332652,0.667348,,1063500,,
0,0,,0.890959,0.109041,,1020200,,
1,1,,0.411326,0.588674,,849900,,
0,0,,0.803771,0.196229,,867000,,
1,1,,0.164325,0.835675,,895200,,
1,1,,0.082575,0.917425,,898100,,
1,1,,0.041374,0.958626,,855500,,
1,1,,0.061801,0.938199,,857000,,
0,0,,0.732125,0.267875,,939900,,
1,0,,0.515,0.485,,873200,,
1,1,,0.266402,0.733598,,845400,,
1,1,,0.300163,0.699837,,854500,,
1,1,,0.191358,0.808642,,844400,,
1,1,,0.335406,0.664594,,1026900,,
1,1,,0.062826,0.937174,,1010800,,
1,1,,0.360904,0.639096,,946600,,
1,1,,0.398299,0.601701,,875500,,
1,1,,0.397582,0.602418,,1004700,,
0,0,,0.628035,0.371965,,1022700,,
1,1,,0.075636,0.924364,,965600,,
1,1,,0.422022,0.577978,,898300,,
0,0,,0.720036,0.279964,,1011600,,
1,1,,0.317925,0.682075,,1015800,,
1,0,,0.676284,0.323716,,988700,,
1,1,,0.236522,0.763478,,869700,,
1,0,,0.552928,0.447072,,805000,,
1,0,,0.592657,0.407343,,1143800,,
0,0,,0.719526,0.280474,,1026500,,
0,0,,0.835985,0.164015,,959000,,
1,1,,0.040377,0.959623,,845900,,
0,0,,0.824908,0.175092,,928700,,
1,1,,0.192862,0.807138,,896100,,
0,0,,0.81646,0.18354,,865500,,
0,0,,0.886399,0.113601,,838300,,
0,0,,0.763922,0.236078,,886300,,
1,1,,0.197171,0.802829,,1024700,,
1,1,,0.342882,0.657118,,963900,,
1,0,,0.692993,0.307007,,879300,,
1,1,,0.153184,0.846816,,838400,,
1,1,,0.012099,0.987901,,864300,,
1,1,,0.080398,0.919602,,856700,,
0,0,,0.96772,0.03228,,878300,,
1,1,,0.08431,0.91569,,813000,,
1,0,,0.678877,0.321123,,812300,,
1,1,,0.315588,0.684412,,820000,,
0,0,,0.851752,0.148248,,871000,,
0,0,,0.636593,0.363407,,930900,,
0,0,,0.830306,0.169694,,881300,,
1,1,,0.351823,0.648177,,854500,,
0,0,,0.898302,0.101698,,1003200,,
1,1,,0.151546,0.848454,,988300,,
0,0,,0.854174,0.145826,,917800,,
0,0,,0.819479,0.180521,,901000,,
0,0,,0.788286,0.211714,,904300,,
1,1,,0.461998,0.538002,,873000,,
1,1,,0.109636,0.890364,,844100,,
0,0,,0.90958,0.09042,,873300,,
1,0,,0.523712,0.476288,,935400,,
0,0,,0.561732,0.438268,,1328400,,
1,1,,0.275794,0.724206,,1086900,,
0,0,,0.789716,0.210284,,1040900,,
0,0,,0.854022,0.145978,,1058400,,
1,1,,0.267731,0.732269,,1092100,,
0,0,,0.928561,0.071439,,1075000,,
0,0,,0.835817,0.164183,,965200,,
0,0,,0.79621,0.20379,,947700,,
1,0,,0.634022,0.365978,,944100,,
0,1,,0.354958,0.645042,,892700,,
0,0,,1,0,,856100,,
1,0,,0.54726,0.45274,,890800,,
0,0,,0.712234,0.287766,,969500,,
0,0,,0.810874,0.189126,,964900,,
0,0,,0.738386,0.261614,,925800,,
0,0,,0.870924,0.129076,,806600,,
0,0,,0.66923,0.33077,,801400,,
1,1,,0.167441,0.832559,,862300,,
1,1,,0.354161,0.645839,,854300,,
1,1,,0.373627,0.626373,,821000,,
1,1,,0.012099,0.987901,,2874200,,
0,1,,0.39428,0.60572,,828500,,
0,0,,0.683556,0.316444,,732900,,
1,1,,0.079227,0.920773,,721300,,
0,0,,0.885145,0.114855,,714300,,
1,1,,0.319513,0.680487,,812800,,
0,0,,0.862139,0.137861,,757000,,
1,1,,0.134351,0.865649,,737000,,
1,1,,0.219227,0.780773,,735700,,
1,1,,0.189742,0.810258,,717800,,
0,0,,0.787292,0.212708,,759800,,
0,0,,0.717772,0.282228,,755900,,
1,1,,0.455492,0.544508,,758200,,
0,0,,0.802899,0.197101,,788000,,
0,0,,0.796258,0.203742,,813900,,
1,1,,0.048256,0.951744,,829900,,
1,0,,0.511089,0.488911,,1178200,,
0,0,,0.78984,0.21016,,916000,,
1,1,,0.143677,0.856323,,778800,,
1,1,,0.140499,0.859501,,762700,,
0,0,,0.85822,0.14178,,886900,,
0,0,,0.847599,0.152401,,855100,,
0,1,,0.383569,0.616431,,785900,,
0,0,,0.88257,0.11743,,773000,,
0,0,,0.70062,0.29938,,797800,,
1,0,,0.519504,0.480496,,992500,,
0,0,,0.830771,0.169229,,950000,,
1,1,,0.328636,0.671364,,866200,,
0,0,,0.917935,0.082065,,850000,,
0,0,,0.794805,0.205195,,868800,,
0,0,,0.741162,0.258838,,860800,,
1,1,,0.275833,0.724167,,782400,,
1,1,,0.073201,0.926799,,722700,,
1,1,,0.225232,0.774768,,730400,,
1,1,,0.23196,0.76804,,740400,,
0,0,,0.754749,0.245251,,779200,,
1,1,,0.383118,0.616882,,791300,,
1,1,,0.332863,0.667137,,834400,,
1,1,,0.499845,0.500155,,811400,,
0,0,,0.808869,0.191131,,735800,,
1,1,,0.141623,0.858377,,782400,,
1,1,,0.299577,0.700423,,799100,,
0,0,,0.705397,0.294603,,794200,,
0,0,,0.780856,0.219144,,757800,,
1,1,,0.415839,0.584161,,779300,,
1,1,,0.106925,0.893075,,688600,,
1,1,,0.236994,0.763006,,687700,,
0,0,,0.734323,0.265677,,714300,,
0,0,,0.935278,0.064722,,706400,,
1,1,,0.053844,0.946156,,702100,,
1,1,,0.045903,0.954097,,799800,,
0,0,,0.807664,0.192336,,840800,,
0,0,,0.70222,0.29778,,800300,,
0,0,,0.921913,0.078087,,792200,,
0,0,,0.9523,0.0477,,741900,,
0,0,,0.825907,0.174093,,764500,,
0,0,,0.748498,0.251502,,784700,,
0,0,,0.760079,0.239921,,1663000,,
0,0,,0.851268,0.148732,,946200,,
0,0,,0.829046,0.170954,,868700,,
0,0,,0.826207,0.173793,,979400,,
1,1,,0.209402,0.790598,,1078400,,
0,0,,0.905422,0.094578,,906500,,
1,1,,0.323001,0.676999,,788000,,
1,1,,0.145509,0.854491,,743800,,
1,1,,0.210246,0.789754,,824700,,
0,0,,0.533412,0.466588,,906400,,
0,0,,0.618705,0.381295,,875600,,
0,0,,0.940532,0.059468,,818500,,
1,1,,0.248079,0.751921,,761100,,
1,1,,0.070023,0.929977,,807800,,
1,1,,0.347075,0.652925,,815000,,
1,1,,0.259024,0.740976,,835200,,
1,1,,0.130893,0.869107,,989000,,
0,0,,0.87079,0.12921,,854000,,
0,0,,0.602952,0.397048,,825400,,
1,1,,0.33314,0.66686,,760900,,
0,0,,0.923065,0.076935,,745400,,
1,1,,0.295619,0.704381,,699100,,
1,1,,0.306861,0.693139,,743700,,
0,0,,0.873243,0.126757,,772800,,
0,0,,0.907116,0.092884,,823000,,
0,0,,0.838254,0.161746,,795600,,
0,0,,0.989344,0.010656,,766000,,
0,0,,0.792136,0.207864,,766900,,
1,1,,0.452038,0.547962,,888300,,
1,1,,0.282155,0.717845,,770300,,
1,1,,0.372264,0.627736,,735200,,
1,1,,0.133474,0.866526,,699700,,
0,0,,0.923335,0.076665,,720600,,
0,0,,0.826306,0.173694,,728000,,
1,1,,0.191471,0.808529,,830300,,
1,1,,0.146393,0.853607,,828900,,
1,1,,0,1,,774800,,
1,1,,0.338431,0.661569,,734100,,
1,1,,0.237057,0.762943,,745300,,
0,0,,0.990654,0.009346,,976200,,
1,1,,0.246337,0.753663,,1154000,,
0,1,,0.477198,0.522802,,893200,,
1,1,,0.090002,0.909998,,824500,,
1,1,,0.183768,0.816232,,951100,,
0,1,,0.387183,0.612817,,893900,,
1,1,,0.151139,0.848861,,878700,,
0,1,,0.446949,0.553051,,806800,,
1,1,,0.117875,0.882125,,785600,,
1,1,,0.206919,0.793081,,813800,,
1,1,,0.228444,0.771556,,833300,,
0,0,,0.931623,0.068377,,781900,,
0,0,,0.9675,0.0325,,742900,,
1,1,,0.340239,0.659761,,760000,,
0,0,,0.798411,0.201589,,769800,,
1,1,,0.055818,0.944182,,785500,,
1,1,,0.333842,0.666158,,770000,,
0,0,,0.916193,0.083807,,779300,,
0,0,,0.831898,0.168102,,785900,,
0,0,,0.803051,0.196949,,752700,,
0,0,,0.981183,0.018817,,822300,,
0,0,,0.903065,0.096935,,827400,,
0,0,,0.857316,0.142684,,793200,,
1,1,,0.28655,0.71345,,784900,,
1,1,,0.187621,0.812379,,858900,,
0,0,,0.951715,0.048285,,857300,,
1,1,,0.129736,0.870264,,865900,,
1,1,,0.37922,0.62078,,820000,,
0,0,,0.975661,0.024339,,817200,,
1,0,,0.530927,0.469073,,801000,,
1,1,,0.065422,0.934578,,843400,,
1,0,,0.639137,0.360863,,813000,,
0,1,,0.437742,0.562258,,767800,,
1,1,,0.09656,0.90344,,788900,,
0,0,,0.94338,0.05662,,827000,,
1,1,,0.282329,0.717671,,1065700,,
0,0,,0.943337,0.056663,,868800,,
0,0,,0.86436,0.13564,,930200,,
1,1,,0.223373,0.776627,,919300,,
0,0,,0.644508,0.355492,,1402800,,
0,0,,0.68213,0.31787,,1007600,,
1,1,,0.270029,0.729971,,921500,,
1,1,,0.313594,0.686406,,834500,,
1,1,,0.214842,0.785158,,1099400,,
1,1,,0.095663,0.904337,,1053800,,
1,1,,0.130687,0.869313,,947500,,
0,0,,0.931006,0.068994,,916200,,
0,0,,0.846011,0.153989,,1066900,,
1,1,,0.413294,0.586706,,932200,,
0,0,,0.855492,0.144508,,913000,,
1,1,,0.38962,0.61038,,867700,,
1,1,,0.389557,0.610443,,798000,,
0,0,,0.705644,0.294356,,846400,,
0,0,,0.958346,0.041654,,890600,,
1,1,,0.441316,0.558684,,820500,,
1,1,,0.126052,0.873948,,788400,,
0,0,,0.742218,0.257782,,767300,,
0,0,,0.975661,0.024339,,883500,,
0,0,,0.931933,0.068067,,895000,,
1,1,,0.219416,0.780584,,835000,,
0,0,,0.795093,0.204907,,828300,,
1,1,,0.455281,0.544719,,786000,,
1,1,,0.257009,0.742991,,964400,,
1,0,,0.673824,0.326176,,871000,,
1,1,,0.474682,0.525318,,865500,,
0,0,,0.844318,0.155682,,774200,,
1,1,,0.015419,0.984581,,768300,,
1,1,,0.133493,0.866507,,1123800,,
1,1,,0.258038,0.741962,,2032200,,
0,0,,0.832923,0.167077,,979400,,
1,1,,0.413055,0.586945,,1079700,,
1,0,,0.566905,0.433095,,1089300,,
0,0,,0.536452,0.463548,,3793700,,
1,1,,0.242195,0.757805,,1253000,,
1,1,,0.243092,0.756908,,2143100,,
0,0,,0.927543,0.072457,,1317000,,
1,1,,0.308185,0.691815,,1065700,,
0,1,,0.418442,0.581558,,1213200,,
0,0,,0.989344,0.010656,,2026300,,
1,1,,0.473254,0.526746,,887600,,
0,0,,0.720201,0.279799,,818900,,
0,0,,0.783077,0.216923,,875700,,
0,1,,0.47755,0.52245,,799700,,
0,0,,0.805241,0.194759,,856400,,
0,0,,0.969964,0.030036,,919000,,
0,0,,0.859609,0.140391,,925200,,
0,0,,0.857524,0.142476,,876700,,
0,0,,0.717782,0.282218,,804400,,
0,0,,0.811447,0.188553,,768100,,
1,1,,0.129425,0.870575,,756700,,
0,0,,0.859111,0.140889,,733100,,
0,0,,0.950789,0.049211,,807800,,
0,0,,0.924531,0.075469,,779000,,
0,0,,0.846682,0.153318,,758600,,
0,0,,0.801048,0.198952,,737100,,
1,1,,0.267849,0.732151,,734200,,
1,1,,0.183256,0.816744,,816400,,
1,1,,0.355195,0.644805,,793100,,
1,0,,0.519257,0.480743,,767900,,
1,1,,0.081181,0.918819,,733900,,
1,1,,0.41352,0.58648,,732800,,
0,0,,0.941662,0.058338,,711000,,
0,0,,0.963562,0.036438,,760100,,
1,1,,0.11969,0.88031,,732600,,
0,0,,0.927431,0.072569,,688400,,
0,0,,0.839131,0.160869,,684600,,
1,1,,0.385287,0.614713,,678500,,
0,0,,0.699516,0.300484,,1182000,,
0,0,,0.847168,0.152832,,1324100,,
1,1,,0.389449,0.610551,,905400,,
1,1,,0.261673,0.738327,,809000,,
0,0,,0.871828,0.128172,,806400,,
1,1,,0.282053,0.717947,,986400,,
0,0,,0.744374,0.255626,,840700,,
0,0,,0.838024,0.161976,,831800,,
0,0,,0.64197,0.35803,,818500,,
0,0,,0.974218,0.025782,,969000,,
1,1,,0.110631,0.889369,,861500,,
0,0,,0.857448,0.142552,,812000,,
0,0,,0.876073,0.123927,,906700,,
1,0,,0.641093,0.358907,,910700,,
1,1,,0.357375,0.642625,,1030000,,
0,0,,0.894579,0.105421,,886500,,
0,0,,0.908665,0.091335,,806000,,
0,0,,0.920883,0.079117,,848500,,
1,1,,0.036158,0.963842,,813100,,
0,0,,0.955621,0.044379,,967300,,
1,1,,0.053597,0.946403,,887300,,
0,0,,0.975661,0.024339,,866400,,
1,1,,0.383131,0.616869,,800600,,
1,1,,0.055538,0.944462,,928000,,
1,1,,0.062851,0.937149,,900300,,
1,1,,0,1,,821200,,
0,0,,0.712735,0.287265,,847000,,
0,0,,0.57754,0.42246,,752100,,
1,1,,0.348637,0.651363,,811500,,
0,0,,0.918908,0.081092,,795600,,
1,0,,0.787581,0.212419,,768600,,
1,1,,0.330207,0.669793,,744900,,
0,0,,0.713407,0.286593,,762900,,
1,1,,0.403016,0.596984,,1031800,,
1,1,,0.181337,0.818663,,872900,,
0,0,,0.958116,0.041884,,808700,,
1,1,,0.214208,0.785792,,810100,,
0,0,,0.873965,0.126035,,819000,,
1,1,,0.14038,0.85962,,879900,,
0,0,,0.975661,0.024339,,933400,,
1,1,,0.115394,0.884606,,842900,,
0,0,,0.936241,0.063759,,768400,,
0,0,,0.668161,0.331839,,746500,,
0,0,,0.91122,0.08878,,858100,,
0,0,,0.909437,0.090563,,801500,,
1,1,,0.431796,0.568204,,783600,,
1,1,,0.159341,0.840659,,716400,,
0,1,,0.491995,0.508005,,705000,,
0,0,,0.941332,0.058668,,718300,,
0,0,,0.965005,0.034995,,783700,,
1,1,,0.168196,0.831804,,771500,,
1,1,,0.296934,0.703066,,778000,,
0,0,,0.870078,0.129922,,750300,,
1,1,,0.241192,0.758808,,723900,,
0,0,,0.937767,0.062233,,842700,,
1,1,,0.272207,0.727793,,786700,,
1,1,,0.294893,0.705107,,781300,,
1,1,,0.23322,0.76678,,823500,,
1,1,,0.289108,0.710892,,792300,,
1,1,,0.416388,0.583612,,846300,,
1,1,,0.106181,0.893819,,821500,,
1,1,,0.19136,0.80864,,762700,,
1,1,,0.330712,0.669288,,746800,,
0,0,,0.755772,0.244228,,747800,,
1,1,,0.372883,0.627117,,793900,,
1,1,,0.223215,0.776785,,907700,,
1,1,,0.254549,0.745451,,838200,,
1,1,,0.05678,0.94322,,821500,,
0,0,,0.782595,0.217405,,792300,,
1,1,,0.37191,0.62809,,793600,,
0,0,,0.718361,0.281639,,792200,,
1,1,,0.037881,0.962119,,746600,,
0,0,,0.84703,0.15297,,730300,,
1,0,,0.617108,0.382892,,764300,,
0,0,,0.881184,0.118816,,788400,,
0,0,,0.867941,0.132059,,868900,,
1,1,,0.236724,0.763276,,799100,,
1,1,,0.053472,0.946528,,749000,,
0,0,,0.843185,0.156815,,725400,,
1,0,,0.512776,0.487224,,710300,,
1,1,,0.356949,0.643051,,783500,,
0,0,,0.902459,0.097541,,886600,,
1,1,,0.213971,0.786029,,823700,,
0,0,,0.939228,0.060772,,791600,,
1,1,,0.272105,0.727895,,758000,,
0,0,,0.874781,0.125219,,825000,,
0,0,,0.819207,0.180793,,944800,,
0,0,,0.858142,0.141858,,877800,,
1,1,,0.357488,0.642512,,895100,,
1,1,,0.050048,0.949952,,803700,,
0,1,,0.475224,0.524776,,843200,,
1,1,,0.184963,0.815037,,820200,,
0,0,,0.796007,0.203993,,808400,,
1,1,,0.267971,0.732029,,748000,,
0,0,,0.882091,0.117909,,695100,,
0,0,,0.909651,0.090349,,678800,,
0,0,,0.854593,0.145407,,740900,,
0,0,,0.735078,0.264922,,731700,,
1,1,,0.472524,0.527476,,727900,,
1,1,,0.113378,0.886622,,718700,,
0,0,,0.855222,0.144778,,711400,,
0,0,,0.941937,0.058063,,765700,,
0,0,,0.921583,0.078417,,748300,,
0,0,,0.774896,0.225104,,730600,,
1,1,,0.182708,0.817292,,714300,,
0,0,,0.869897,0.130103,,719200,,
0,0,,0.977245,0.022755,,706200,,
1,1,,0.366056,0.633944,,716000,,
1,1,,0.199432,0.800568,,706600,,
1,1,,0.14746,0.85254,,719100,,
0,0,,0.908665,0.091335,,733200,,
0,0,,0.90578,0.09422,,740100,,
1,1,,0.092821,0.907179,,741400,,
0,0,,0.844571,0.155429,,869600,,
0,0,,0.823212,0.176788,,802700,,
0,0,,0.909484,0.090516,,752700,,
1,1,,0.199067,0.800933,,713700,,
0,0,,0.989344,0.010656,,705700,,
1,0,,0.588276,0.411724,,794400,,
1,1,,0.416929,0.583071,,810500,,
1,1,,0.370411,0.629589,,730600,,
1,1,,0.477176,0.522824,,710700,,
1,1,,0.152988,0.847012,,689900,,
0,0,,0.91012,0.08988,,709300,,
0,0,,0.754709,0.245291,,1522900,,
0,0,,0.692101,0.307899,,916600,,
0,0,,0.962119,0.037881,,889200,,
0,0,,0.532933,0.467067,,851900,,
1,1,,0.277275,0.722725,,1036600,,
0,0,,0.710208,0.289792,,852100,,
0,0,,0.93474,0.06526,,754300,,
1,1,,0.053983,0.946017,,740900,,
1,1,,0.351733,0.648267,,713100,,
0,0,,0.776815,0.223185,,863900,,
0,0,,0.916992,0.083008,,776100,,
0,0,,0.892869,0.107131,,762400,,
1,1,,0.39605,0.60395,,834900,,
1,1,,0.262886,0.737114,,854700,,
0,0,,0.915097,0.084903,,882500,,
1,1,,0.168581,0.831419,,787300,,
0,0,,0.895883,0.104117,,763500,,
1,1,,0.347465,0.652535,,736600,,
1,0,,0.638868,0.361132,,726200,,
0,0,,0.803791,0.196209,,733300,,
0,0,,0.877424,0.122576,,748000,,
0,0,,0.772765,0.227235,,792300,,
1,1,,0.157223,0.842777,,823900,,
0,0,,0.909333,0.090667,,788200,,
0,0,,0.83223,0.16777,,714100,,
0,1,,0.46727,0.53273,,853300,,
1,1,,0.42889,0.57111,,848500,,
0,0,,0.846531,0.153469,,806500,,
0,0,,0.916967,0.083033,,783400,,
0,0,,0.857644,0.142356,,764200,,
0,0,,0.806096,0.193904,,849100,,
1,1,,0.363851,0.636149,,809200,,
0,0,,0.936901,0.063099,,770400,,
0,1,,0.371919,0.628081,,756900,,
1,1,,0.11324,0.88676,,735700,,
0,0,,0.815365,0.184635,,803300,,
0,0,,0.940353,0.059647,,793700,,
1,1,,0.109208,0.890792,,769100,,
1,1,,0.12482,0.87518,,824200,,
1,1,,0.117554,0.882446,,767800,,
0,0,,0.881967,0.118033,,1147200,,
1,1,,0.195493,0.804507,,1003200,,
0,0,,0.69171,0.30829,,885100,,
0,0,,0.71526,0.28474,,806600,,
0,0,,0.927803,0.072197,,737100,,
1,1,,0.106594,0.893406,,767400,,
0,0,,0.767211,0.232789,,736500,,
1,1,,0.061017,0.938983,,706900,,
0,0,,0.940353,0.059647,,703400,,
0,0,,0.757998,0.242002,,716100,,
1,1,,0.039466,0.960534,,729400,,
0,0,,0.721424,0.278576,,763400,,
0,0,,0.662948,0.337052,,762700,,
1,1,,0.335594,0.664406,,726000,,
0,0,,0.719416,0.280584,,782400,,
1,1,,0.299507,0.700493,,736200,,
0,0,,0.885323,0.114677,,827900,,
0,0,,0.845337,0.154663,,788100,,
0,0,,0.865632,0.134368,,737300,,
0,0,,0.78552,0.21448,,723200,,
0,0,,0.975661,0.024339,,714100,,
0,0,,0.751299,0.248701,,733700,,
1,1,,0.393603,0.606397,,773700,,
0,0,,0.845032,0.154968,,798400,,
0,0,,0.880562,0.119438,,790000,,
1,1,,0.110205,0.889795,,690200,,
1,1,,0.236113,0.763887,,688200,,
1,1,,0.17716,0.82284,,782700,,
0,0,,0.916748,0.083252,,807300,,
0,0,,0.803865,0.196135,,774600,,
1,0,,0.522294,0.477706,,749700,,
0,0,,1,0,,742200,,
0,0,,0.66392,0.33608,,765000,,
0,0,,0.731185,0.268815,,716400,,
1,0,,0.559964,0.440036,,682200,,
0,0,,0.860836,0.139164,,681900,,
0,0,,0.857297,0.142703,,682500,,
0,0,,0.724708,0.275292,,702400,,
0,0,,0.911613,0.088387,,781600,,
1,1,,0.38602,0.61398,,813600,,
1,1,,0.286514,0.713486,,787400,,
0,0,,0.674673,0.325327,,769200,,
0,0,,0.902806,0.097194,,756400,,
1,1,,0.321259,0.678741,,710500,,
1,0,,0.793753,0.206247,,938700,,
1,1,,0.341183,0.658817,,901800,,
0,0,,0.856776,0.143224,,905300,,
1,1,,0.404195,0.595805,,845400,,
1,1,,0.423353,0.576647,,851600,,
1,1,,0.410728,0.589272,,1067300,,
0,0,,0.965146,0.034854,,840200,,
1,1,,0.12401,0.87599,,811000,,
0,0,,0.920081,0.079919,,862400,,
1,1,,0.037742,0.962258,,762600,,
1,1,,0.171228,0.828772,,763600,,
1,1,,0.307448,0.692552,,739000,,
1,1,,0.220951,0.779049,,730500,,
0,0,,0.977245,0.022755,,2189100,,
0,0,,0.793859,0.206141,,827400,,
1,0,,0.639291,0.360709,,743200,,
0,0,,0.660846,0.339154,,675800,,
1,1,,0.327062,0.672938,,686900,,
0,0,,0.953186,0.046814,,673600,,
1,1,,0.380514,0.619486,,678200,,
0,0,,0.800201,0.199799,,673400,,
0,0,,0.903914,0.096086,,685100,,
0,0,,0.942256,0.057744,,712000,,
0,0,,0.918638,0.081362,,712300,,
1,1,,0.013684,0.986316,,711500,,
1,1,,0.195782,0.804218,,718400,,
1,1,,0.42609,0.57391,,688800,,
1,1,,0.380135,0.619865,,680100,,
1,1,,0.176113,0.823887,,661400,,
0,0,,0.79891,0.20109,,677800,,
0,0,,0.883717,0.116283,,724200,,
1,1,,0.071466,0.928534,,734900,,
1,1,,0.429338,0.570662,,718000,,
0,0,,0.936901,0.063099,,722700,,
1,1,,0.310444,0.689556,,734400,,
1,1,,0.228724,0.771276,,733800,,
0,0,,0.813365,0.186635,,735200,,
1,1,,0.182983,0.817017,,720500,,
0,0,,0.951682,0.048318,,714900,,
0,0,,0.615607,0.384393,,724300,,
0,0,,1,0,,704900,,
0,0,,0.817662,0.182338,,727000,,
0,0,,0.85877,0.14123,,873400,,
0,0,,0.938306,0.061694,,852100,,
0,0,,0.880258,0.119742,,811000,,
0,0,,0.725317,0.274683,,749200,,
0,0,,0.67942,0.32058,,736600,,
1,1,,0.302981,0.697019,,747100,,
1,0,,0.571356,0.428644,,711000,,
0,0,,0.951847,0.048153,,681400,,
1,1,,0.327008,0.672992,,685500,,
0,0,,0.865403,0.134597,,672700,,
1,1,,0.355329,0.644671,,672300,,
1,1,,0.153401,0.846599,,669200,,
0,0,,0.772651,0.227349,,694500,,
0,0,,0.815502,0.184498,,691600,,
0,0,,0.858314,0.141686,,688100,,
0,0,,0.826168,0.173832,,684700,,
1,1,,0.411302,0.588698,,681400,,
1,1,,0.162879,0.837121,,713100,,
0,0,,0.747517,0.252483,,758300,,
0,0,,0.731071,0.268929,,713200,,
0,0,,0.848684,0.151316,,709800,,
1,1,,0.381678,0.618322,,737700,,
0,0,,0.911225,0.088775,,701800,,
1,1,,0.123333,0.876667,,709100,,
0,0,,0.781349,0.218651,,673600,,
1,1,,0.245897,0.754103,,676500,,
1,1,,0,1,,672400,,
0,0,,0.523209,0.476791,,679500,,
1,1,,0.058063,0.941937,,674900,,
1,1,,0.033405,0.966595,,670500,,
1,1,,0.220319,0.779681,,686400,,
1,1,,0.342246,0.657754,,684700,,
0,0,,0.918728,0.081272,,655000,,
0,0,,0.93142,0.06858,,683100,,
0,0,,0.79252,0.20748,,691900,,
1,1,,0.041637,0.958363,,740400,,
0,0,,0.900743,0.099257,,787500,,
0,0,,0.919696,0.080304,,728600,,
0,0,,0.902157,0.097843,,724900,,
0,0,,0.896176,0.103824,,717300,,
1,1,,0.021625,0.978375,,700900,,
0,0,,0.894609,0.105391,,775200,,
1,1,,0.496169,0.503831,,732400,,
1,1,,0.407613,0.592387,,757500,,
0,0,,0.975941,0.024059,,721100,,
0,0,,0.769027,0.230973,,768000,,
1,1,,0.168191,0.831809,,1096500,,
0,0,,0.765759,0.234241,,886500,,
0,0,,0.753528,0.246472,,811300,,
1,1,,0.177834,0.822166,,725800,,
1,1,,0.110225,0.889775,,710100,,
1,1,,0.424014,0.575986,,733800,,
0,0,,0.797308,0.202692,,749500,,
0,0,,0.73378,0.26622,,694500,,
1,1,,0.166201,0.833799,,684600,,
1,1,,0.420977,0.579023,,694600,,
1,1,,0.082061,0.917939,,683000,,
1,1,,0.323214,0.676786,,681900,,
1,1,,0.354817,0.645183,,769900,,
0,0,,0.879258,0.120742,,696600,,
1,1,,0.296077,0.703923,,691000,,
0,1,,0.290465,0.709535,,680300,,
0,0,,0.955621,0.044379,,684400,,
1,1,,0.260384,0.739616,,797700,,
0,0,,0.902148,0.097852,,703300,,
1,1,,0.176049,0.823951,,690100,,
1,0,,0.507199,0.492801,,685500,,
0,0,,0.815424,0.184576,,713000,,
0,0,,0.883775,0.116225,,689100,,
1,0,,0.536342,0.463658,,800400,,
0,0,,0.710872,0.289128,,762100,,
0,0,,0.875358,0.124642,,764800,,
0,0,,0.946935,0.053065,,739300,,
0,0,,0.757332,0.242668,,728000,,
0,0,,0.847547,0.152453,,761500,,
1,1,,0.333171,0.666829,,735000,,
1,1,,0.213494,0.786506,,742700,,
1,1,,0.200604,0.799396,,734300,,
1,1,,0.258415,0.741585,,725500,,
0,0,,0.879408,0.120592,,742300,,
0,0,,0.913059,0.086941,,734100,,
0,0,,0.831917,0.168083,,681100,,
1,1,,0.281124,0.718876,,677300,,
1,1,,0.113032,0.886968,,680900,,
0,0,,0.73696,0.26304,,669600,,
1,1,,0.329262,0.670738,,682800,,
1,1,,0.05662,0.94338,,669400,,
1,1,,0.332751,0.667249,,686600,,
0,0,,0.90669,0.09331,,683500,,
1,1,,0.094876,0.905124,,677500,,
0,0,,0.69183,0.30817,,667700,,
0,0,,0.800152,0.199848,,673800,,
0,0,,0.904869,0.095131,,708600,,
0,0,,0.890336,0.109664,,1312300,,
0,0,,0.978156,0.021844,,833100,,
1,1,,0.489346,0.510654,,754800,,
1,1,,0.293068,0.706932,,690100,,
0,0,,0.90705,0.09295,,780700,,
1,1,,0.14192,0.85808,,819200,,
1,1,,0.063421,0.936579,,756300,,
1,1,,0.067156,0.932844,,716200,,
1,1,,0.109891,0.890109,,723800,,
0,0,,0.817508,0.182492,,755700,,
0,1,,0.498799,0.501201,,712400,,
0,0,,0.862125,0.137875,,704600,,
1,1,,0.038792,0.961208,,674300,,
1,0,,0.807226,0.192774,,681900,,
0,0,,0.803466,0.196534,,691900,,
0,0,,0.659953,0.340047,,680300,,
1,1,,0.12545,0.87455,,687800,,
1,1,,0,1,,669300,,
0,0,,0.788534,0.211466,,689300,,
0,0,,0.972029,0.027971,,679400,,
0,0,,0.837427,0.162573,,702500,,
1,1,,0.321759,0.678241,,680500,,
1,1,,0.26191,0.73809,,686600,,
0,0,,0.639726,0.360274,,701600,,
0,0,,0.890511,0.109489,,682600,,
1,0,,0.526707,0.473293,,679400,,
0,0,,0.799,0.201,,693100,,
1,1,,0.051577,0.948423,,669600,,
1,1,,0,1,,730400,,
1,1,,0.153342,0.846658,,743900,,
0,0,,0.804646,0.195354,,725500,,
1,1,,0.132934,0.867066,,734200,,
1,0,,0.525344,0.474656,,727500,,
0,0,,0.773138,0.226862,,750100,,
0,0,,0.897256,0.102744,,689600,,
0,0,,0.631469,0.368531,,681900,,
1,0,,0.571819,0.428181,,683200,,
1,1,,0.230762,0.769238,,712900,,
0,0,,0.831072,0.168928,,707600,,
0,0,,0.887747,0.112253,,694700,,
1,1,,0.394746,0.605254,,700200,,
1,1,,0.471223,0.528777,,693500,,
0,0,,0.908214,0.091786,,691300,,
1,0,,0.510417,0.489583,,680500,,
0,0,,0.935872,0.064128,,670300,,
0,0,,0.762304,0.237696,,756200,,
1,1,,0.082122,0.917878,,859100,,
0,0,,0.938797,0.061203,,850400,,
1,1,,0.122784,0.877216,,933600,,
1,0,,0.557931,0.442069,,863500,,
1,1,,0.391137,0.608863,,871600,,
1,0,,0.51099,0.48901,,930700,,
1,1,,0.224264,0.775736,,764000,,
1,0,,0.664484,0.335516,,734800,,
1,1,,0.060497,0.939503,,723100,,
0,0,,0.7131,0.2869,,745700,,
1,1,,0.185139,0.814861,,737600,,
1,1,,0.163076,0.836924,,715300,,
0,0,,0.830792,0.169208,,732500,,
0,0,,0.55858,0.44142,,737100,,
1,1,,0.322489,0.677511,,704600,,
1,1,,0.08099,0.91901,,748700,,
0,0,,0.748728,0.251272,,736800,,
1,0,,0.500836,0.499164,,706100,,
0,0,,0.893249,0.106751,,719600,,
1,0,,0.591058,0.408942,,675400,,
0,0,,0.856925,0.143075,,693800,,
1,1,,0.036158,0.963842,,678000,,
1,0,,0.740021,0.259979,,675200,,
0,0,,0.786138,0.213862,,679400,,
1,1,,0.204768,0.795232,,691200,,
0,0,,0.789627,0.210373,,701600,,
1,1,,0.046042,0.953958,,670900,,
0,0,,0.853261,0.146739,,737800,,
0,0,,0.894898,0.105102,,696200,,
1,1,,0.049841,0.950159,,685400,,
1,1,,0.283008,0.716992,,690200,,
0,0,,0.941332,0.058668,,688000,,
0,0,,0.89681,0.10319,,693100,,
0,0,,0.810218,0.189782,,684500,,
1,1,,0.212871,0.787129,,686900,,
0,0,,0.826664,0.173336,,703400,,
0,0,,0.548263,0.451737,,713400,,
1,0,,0.544176,0.455824,,689000,,
0,0,,0.890435,0.109565,,682700,,
0,0,,0.527381,0.472619,,695900,,
0,0,,0.975661,0.024339,,691600,,
0,0,,0.900064,0.099936,,685700,,
1,1,,0.279564,0.720436,,687100,,
1,0,,0.567739,0.432261,,692400,,
0,0,,0.613817,0.386183,,687300,,
1,1,,0.420712,0.579288,,672100,,
0,1,,0.276112,0.723888,,716100,,
0,0,,0.937767,0.062233,,707000,,
1,1,,0.211563,0.788437,,687400,,
0,0,,0.901694,0.098306,,692900,,
0,0,,0.796124,0.203876,,688700,,
0,0,,0.719337,0.280663,,689800,,
1,1,,0.408693,0.591307,,701200,,
1,1,,0.405248,0.594752,,695800,,
1,1,,0.081841,0.918159,,686800,,
0,0,,0.674842,0.325158,,696700,,
0,0,,0.70954,0.29046,,704800,,
0,0,,0.903568,0.096432,,737300,,
1,1,,0.153998,0.846002,,702800,,
0,0,,0.745425,0.254575,,698800,,
0,1,,0.443169,0.556831,,678400,,
1,1,,0.178688,0.821312,,683000,,
1,1,,0.299306,0.700694,,678600,,
1,1,,0.352693,0.647307,,690200,,
1,0,,0.51626,0.48374,,664200,,
0,0,,0.901413,0.098587,,677400,,
0,0,,0.868207,0.131793,,667400,,
0,0,,0.849849,0.150151,,695800,,
0,0,,0.764693,0.235307,,683000,,
0,0,,0.819232,0.180768,,685100,,
0,0,,0.891641,0.108359,,679700,,
0,0,,0.927938,0.072062,,688200,,
1,1,,0.225153,0.774847,,686100,,
1,1,,0.315736,0.684264,,685200,,
0,0,,0.844297,0.155703,,681600,,
1,0,,0.501755,0.498245,,672000,,
1,1,,0.478417,0.521583,,678300,,
0,0,,0.777935,0.222065,,688800,,
1,1,,0.277905,0.722095,,685900,,
1,1,,0.375283,0.624717,,686400,,
0,0,,0.842699,0.157301,,684100,,
1,1,,0.23703,0.76297,,686200,,
0,0,,0.895236,0.104764,,676600,,
1,0,,0.656819,0.343181,,687200,,
1,1,,0.190029,0.809971,,687200,,
1,1,,0.299507,0.700493,,685700,,
0,0,,0.676782,0.323218,,679400,,
0,0,,0.915839,0.084161,,677700,,
0,0,,0.82193,0.17807,,680100,,
0,0,,0.572884,0.427116,,690700,,
1,1,,0.216517,0.783483,,686200,,
0,0,,0.795922,0.204078,,683600,,
0,0,,0.888973,0.111027,,708500,,
1,0,,0.534283,0.465717,,1085800,,
0,0,,0.712963,0.287037,,826100,,
0,0,,0.849422,0.150578,,729400,,
0,1,,0.462765,0.537235,,681500,,
0,0,,0.924623,0.075377,,683700,,
1,1,,0.282964,0.717036,,683400,,
0,0,,0.78073,0.21927,,714200,,
1,1,,0.251126,0.748874,,719300,,
1,1,,0.241585,0.758415,,697400,,
0,0,,0.975941,0.024059,,682300,,
0,0,,0.964321,0.035679,,659200,,
0,0,,0.842772,0.157228,,692600,,
0,0,,0.793682,0.206318,,728900,,
0,0,,0.717687,0.282313,,692300,,
0,0,,0.801966,0.198034,,742300,,
0,0,,0.858002,0.141998,,707800,,
1,1,,0.448438,0.551562,,683500,,
1,1,,0.367443,0.632557,,753700,,
0,0,,0.628667,0.371333,,692900,,
0,0,,0.889016,0.110984,,691400,,
0,0,,0.72831,0.27169,,710000,,
1,1,,0.201849,0.798151,,704100,,
0,0,,0.563264,0.436736,,692000,,
1,1,,0.245785,0.754215,,782100,,
0,0,,0.847402,0.152598,,702400,,
0,0,,0.574714,0.425286,,682100,,
0,0,,0.743455,0.256545,,677800,,
0,0,,0.790605,0.209395,,694800,,
1,1,,0.309012,0.690988,,679200,,
0,0,,0.913312,0.086688,,689600,,
1,1,,0.252879,0.747121,,686200,,
0,0,,0.903988,0.096012,,677400,,
1,1,,0.35814,0.64186,,687600,,
1,1,,0.156106,0.843894,,677400,,
0,0,,0.811123,0.188877,,692800,,
1,1,,0.464306,0.535694,,668000,,
0,0,,0.714729,0.285271,,699400,,
1,1,,0.337673,0.662327,,693300,,
1,1,,0.097541,0.902459,,664800,,
0,0,,0.760806,0.239194,,691600,,
0,0,,0.804896,0.195104,,698300,,
0,0,,0.920081,0.079919,,700500,,
0,0,,0.819969,0.180031,,700700,,
0,0,,0.861455,0.138545,,702800,,
0,1,,0.433573,0.566427,,694400,,
0,0,,0.951321,0.048679,,695100,,
1,1,,0.266852,0.733148,,686800,,
0,0,,0.816473,0.183527,,687900,,
1,1,,0.189692,0.810308,,735200,,
1,1,,0.170024,0.829976,,702900,,
1,1,,0.198024,0.801976,,684700,,
0,0,,0.849488,0.150512,,698300,,
1,0,,0.588035,0.411965,,672000,,
1,1,,0.498787,0.501213,,686200,,
0,0,,0.868711,0.131289,,717800,,
0,0,,0.978375,0.021625,,741400,,
0,0,,0.98062,0.01938,,672700,,
1,1,,0.173769,0.826231,,675300,,
1,1,,0.298007,0.701993,,679800,,
0,0,,0.787813,0.212187,,695400,,
1,1,,0.29728,0.70272,,679900,,
0,1,,0.301713,0.698287,,680400,,
1,1,,0.437857,0.562143,,679700,,
1,0,,0.744087,0.255913,,677400,,
0,0,,0.720789,0.279211,,686600,,
1,1,,0.141605,0.858395,,692100,,
1,1,,0.086033,0.913967,,683400,,
0,0,,0.580731,0.419269,,691600,,
0,0,,0.826149,0.173851,,670600,,
0,0,,0.902175,0.097825,,677400,,
1,1,,0.430455,0.569545,,685200,,
0,0,,0.722241,0.277759,,684700,,
1,1,,0.306408,0.693592,,694100,,
1,1,,0.390682,0.609318,,689000,,
1,1,,0.272194,0.727806,,690900,,
1,1,,0.378778,0.621222,,674300,,
0,0,,0.87033,0.12967,,694400,,
1,1,,0.338731,0.661269,,668500,,
1,1,,0.100262,0.899738,,731800,,
0,0,,0.951008,0.048992,,720600,,
0,0,,0.684281,0.315719,,727000,,
1,1,,0.299759,0.700241,,703500,,
1,1,,0.302452,0.697548,,687300,,
0,0,,0.928534,0.071466,,684900,,
0,0,,0.912304,0.087696,,699100,,
1,1,,0.087489,0.912511,,680800,,
0,0,,0.65622,0.34378,,693600,,
1,1,,0.441653,0.558347,,671900,,
1,1,,0.324722,0.675278,,681200,,
1,1,,0.253873,0.746127,,676700,,
1,1,,0.168044,0.831956,,672300,,
0,0,,0.788006,0.211994,,682300,,
1,1,,0.272674,0.727326,,679600,,
0,0,,0.764079,0.235921,,696500,,
1,1,,0.258264,0.741736,,691700,,
1,1,,0,1,,739200,,
1,1,,0.448687,0.551313,,1132300,,
1,1,,0.373127,0.626873,,859700,,
0,0,,0.67278,0.32722,,776800,,
0,0,,0.837521,0.162479,,710600,,
1,1,,0.472099,0.527901,,695900,,
0,0,,0.579509,0.420491,,950400,,
1,1,,0.360109,0.639891,,778200,,
0,0,,0.767469,0.232531,,823200,,
1,1,,0.126776,0.873224,,783600,,
1,1,,0.248122,0.751878,,801400,,
0,0,,0.96772,0.03228,,744800,,
0,0,,0.944751,0.055249,,745100,,
1,1,,0.166699,0.833301,,699000,,
0,0,,0.607558,0.392442,,695100,,
0,0,,0.916837,0.083163,,687200,,
0,0,,0.808453,0.191547,,741900,,
1,0,,0.506865,0.493135,,757500,,
0,0,,0.730067,0.269933,,706800,,
1,1,,0.246934,0.753066,,709900,,
0,0,,0.647347,0.352653,,694900,,
1,1,,0.418609,0.581391,,664400,,
1,0,,0.708485,0.291515,,771400,,
1,1,,0.253284,0.746716,,812900,,
0,0,,0.703845,0.296155,,817200,,
1,1,,0.342174,0.657826,,786300,,
0,0,,0.727476,0.272524,,796800,,
1,1,,0.255812,0.744188,,780100,,
0,0,,0.770011,0.229989,,708900,,
0,0,,0.754503,0.245497,,684100,,
1,1,,0.075623,0.924377,,686000,,
0,0,,0.723184,0.276816,,680900,,
1,1,,0.085447,0.914553,,675500,,
0,0,,0.902459,0.097541,,675800,,
1,1,,0.228234,0.771766,,707000,,
1,1,,0.446545,0.553455,,669200,,
1,1,,0.188464,0.811536,,680500,,
1,0,,0.637315,0.362685,,697800,,
1,1,,0.227493,0.772507,,694800,,
0,0,,0.829387,0.170613,,727100,,
0,1,,0.498161,0.501839,,769500,,
1,1,,0.095345,0.904655,,716200,,
1,1,,0.262441,0.737559,,735500,,
0,0,,0.797227,0.202773,,730500,,
1,1,,0.189875,0.810125,,726400,,
1,1,,0.173524,0.826476,,1292900,,
0,0,,0.730456,0.269544,,854300,,
0,0,,0.721992,0.278008,,776300,,
1,1,,0.049448,0.950552,,711100,,
1,0,,0.872565,0.127435,,750500,,
1,1,,0.104392,0.895608,,807100,,
0,0,,0.875042,0.124958,,800800,,
0,0,,0.692667,0.307333,,774300,,
1,1,,0.104596,0.895404,,755900,,
0,0,,0.743997,0.256003,,741200,,
1,1,,0.47144,0.52856,,787900,,
1,1,,0.325336,0.674664,,767600,,
0,0,,0.882033,0.117967,,754300,,
1,1,,0.282499,0.717501,,727000,,
1,1,,0.393864,0.606136,,748200,,
1,1,,0.20174,0.79826,,830700,,
0,0,,0.815402,0.184598,,2114500,,
0,1,,0.30954,0.69046,,890600,,
1,1,,0.159397,0.840603,,834100,,
1,1,,0.070347,0.929653,,779700,,
1,1,,0.3237,0.6763,,794200,,
1,1,,0.095487,0.904513,,728300,,
0,0,,0.7661,0.2339,,692700,,
1,0,,0.732265,0.267735,,691800,,
0,0,,0.775494,0.224506,,689300,,
1,1,,0.122889,0.877111,,683800,,
0,0,,0.53376,0.46624,,686200,,
0,0,,0.746384,0.253616,,716200,,
0,0,,0.878173,0.121827,,723300,,
1,1,,0.146252,0.853748,,683100,,
1,1,,0.296772,0.703228,,706100,,
1,1,,0.165038,0.834962,,764100,,
0,0,,0.767565,0.232435,,746100,,
1,1,,0.245639,0.754361,,728100,,
1,1,,0.291969,0.708031,,726900,,
1,1,,0.395357,0.604643,,724800,,
1,1,,0.051577,0.948423,,717000,,
0,0,,0.859271,0.140729,,732800,,
1,1,,0.304471,0.695529,,740000,,
1,1,,0.036158,0.963842,,716200,,
0,0,,0.871805,0.128195,,717700,,
0,0,,0.715037,0.284963,,719200,,
0,0,,0.940353,0.059647,,799200,,
1,1,,0.337189,0.662811,,908800,,
1,1,,0.118511,0.881489,,844600,,
1,1,,0.368966,0.631034,,746900,,
0,0,,0.900933,0.099067,,738100,,
0,0,,0.877072,0.122928,,747500,,
1,1,,0.105574,0.894426,,761600,,
1,1,,0.343117,0.656883,,737800,,
1,1,,0.311282,0.688718,,737500,,
1,0,,0.779889,0.220111,,723500,,
1,1,,0.24999,0.75001,,729800,,
0,0,,0.875774,0.124226,,732700,,
1,1,,0.214689,0.785311,,697200,,
1,1,,0.408457,0.591543,,678300,,
0,0,,0.806758,0.193242,,681900,,
0,0,,0.767969,0.232031,,710700,,
0,0,,0.760844,0.239156,,695900,,
1,1,,0.198388,0.801612,,769400,,
1,1,,0.499159,0.500841,,740900,,
0,0,,0.777851,0.222149,,732700,,
1,1,,0.208029,0.791971,,728500,,
1,1,,0.392436,0.607564,,739800,,
0,0,,0.667894,0.332106,,736800,,
1,1,,0.408231,0.591769,,734700,,
1,1,,0.285834,0.714166,,732400,,
0,0,,0.927343,0.072657,,742000,,
1,1,,0.057782,0.942218,,717300,,
1,1,,0.484752,0.515248,,731400,,
0,0,,0.934287,0.065713,,782300,,
0,0,,0.619845,0.380155,,750600,,
0,0,,0.85907,0.14093,,738300,,
1,1,,0.316491,0.683509,,737300,,
0,0,,0.680164,0.319836,,734200,,
1,1,,0.245969,0.754031,,733000,,
0,0,,0.72123,0.27877,,750900,,
1,0,,0.564702,0.435298,,728400,,
1,1,,0.167794,0.832206,,725400,,
1,1,,0.293022,0.706978,,727200,,