ItalyPowerDemand,TSF,train,0,NANOSECONDS,PREDICTIONS, Generated by BasicReproductionTests at 2021-03-05 19:04:45
tsml.classifiers.interval_based.TSF, 2021-03-05 19:04:45, 1614971085779
0.9630709426627794,275065500,257516300,-1,-1,2,,-1,-1
1,1,,0.084,0.916,,568300,,
1,1,,0.072,0.928,,443800,,
1,1,,0.02,0.98,,410400,,
1,0,,0.504,0.496,,480600,,
1,1,,0.018,0.982,,449600,,
0,0,,0.998,0.002,,428600,,
1,1,,0.002,0.998,,415100,,
1,1,,0.06,0.94,,441700,,
1,1,,0.024,0.976,,370600,,
1,1,,0,1,,349300,,
1,1,,0.002,0.998,,375900,,
1,1,,0.286,0.714,,479400,,
1,1,,0.024,0.976,,431600,,
0,0,,0.984,0.016,,557000,,
0,0,,0.724,0.276,,440800,,
1,1,,0.002,0.998,,415400,,
0,0,,0.908,0.092,,398200,,
0,0,,1,0,,375100,,
0,0,,0.94,0.06,,367300,,
1,1,,0.164,0.836,,371200,,
0,0,,0.702,0.298,,373000,,
0,0,,0.996,0.004,,362500,,
1,1,,0.182,0.818,,368800,,
0,0,,0.984,0.016,,401400,,
1,1,,0.3,0.7,,413000,,
0,0,,0.954,0.046,,424200,,
0,0,,0.934,0.066,,414000,,
0,0,,0.936,0.064,,344400,,
1,1,,0,1,,521200,,
0,0,,1,0,,510400,,
0,0,,0.964,0.036,,445300,,
0,0,,1,0,,241200,,
0,0,,0.52,0.48,,276000,,
1,1,,0.01,0.99,,234700,,
1,1,,0.078,0.922,,200500,,
0,0,,0.882,0.118,,244000,,
1,1,,0.012,0.988,,236800,,
0,0,,0.898,0.102,,251300,,
1,1,,0.024,0.976,,202100,,
0,0,,0.66,0.34,,241300,,
1,1,,0.002,0.998,,203500,,
1,1,,0,1,,178000,,
1,1,,0,1,,176200,,
1,1,,0.062,0.938,,192800,,
0,0,,0.932,0.068,,187000,,
1,1,,0.018,0.982,,187900,,
1,1,,0.048,0.952,,190200,,
0,0,,0.91,0.09,,186500,,
1,1,,0.116,0.884,,188300,,
0,0,,0.864,0.136,,181400,,
1,1,,0.012,0.988,,176000,,
1,1,,0,1,,178300,,
1,1,,0.002,0.998,,174000,,
1,1,,0,1,,172900,,
0,0,,0.866,0.134,,180900,,
1,1,,0.138,0.862,,267300,,
1,1,,0.008,0.992,,209200,,
1,1,,0.002,0.998,,190700,,
1,1,,0.012,0.988,,186800,,
1,1,,0.018,0.982,,178900,,
1,1,,0.002,0.998,,178400,,
1,1,,0.038,0.962,,196400,,
1,1,,0.398,0.602,,198200,,
1,1,,0.07,0.93,,178800,,
0,0,,0.74,0.26,,184700,,
1,1,,0,1,,174000,,
1,1,,0.034,0.966,,180200,,
0,0,,0.81,0.19,,187300,,
1,1,,0.016,0.984,,175300,,
1,0,,0.514,0.486,,186200,,
1,1,,0.066,0.934,,226900,,
1,1,,0.338,0.662,,386600,,
1,1,,0.452,0.548,,395900,,
0,0,,0.944,0.056,,389000,,
0,0,,0.976,0.024,,425100,,
1,1,,0.006,0.994,,392800,,
0,0,,0.992,0.008,,461600,,
1,1,,0.002,0.998,,478700,,
0,0,,0.854,0.146,,430900,,
0,0,,1,0,,419600,,
0,0,,0.838,0.162,,406300,,
1,1,,0.002,0.998,,298700,,
1,1,,0.002,0.998,,203300,,
1,0,,0.604,0.396,,256400,,
1,1,,0,1,,387500,,
1,1,,0.002,0.998,,502100,,
1,1,,0,1,,399900,,
0,0,,1,0,,419400,,
1,1,,0,1,,393500,,
1,1,,0.496,0.504,,424900,,
1,1,,0.054,0.946,,563100,,
0,0,,0.936,0.064,,459600,,
0,1,,0.488,0.512,,417300,,
0,0,,1,0,,402200,,
1,1,,0.016,0.984,,442600,,
0,0,,0.92,0.08,,406900,,
1,1,,0.01,0.99,,501000,,
0,0,,1,0,,388500,,
0,0,,0.986,0.014,,391000,,
0,0,,0.964,0.036,,385600,,
1,0,,0.574,0.426,,397000,,
1,1,,0,1,,389700,,
0,0,,0.998,0.002,,386300,,
1,1,,0.096,0.904,,470700,,
0,0,,0.718,0.282,,435200,,
1,1,,0.006,0.994,,432800,,
0,0,,0.908,0.092,,439800,,
0,0,,0.996,0.004,,448000,,
1,1,,0.002,0.998,,459500,,
0,0,,0.99,0.01,,441700,,
0,0,,0.866,0.134,,692000,,
0,0,,0.998,0.002,,455500,,
1,1,,0.128,0.872,,438400,,
0,0,,0.546,0.454,,483100,,
0,0,,1,0,,441000,,
1,1,,0.078,0.922,,424900,,
0,0,,0.978,0.022,,396300,,
0,0,,0.992,0.008,,475500,,
0,0,,0.914,0.086,,396600,,
0,0,,0.95,0.05,,384300,,
0,0,,0.962,0.038,,384800,,
1,1,,0.012,0.988,,389700,,
1,1,,0.034,0.966,,392300,,
1,1,,0.018,0.982,,430800,,
1,1,,0,1,,504700,,
0,0,,0.65,0.35,,430100,,
0,0,,0.97,0.03,,403200,,
1,1,,0,1,,479300,,
0,0,,0.942,0.058,,408900,,
1,1,,0.01,0.99,,404300,,
0,0,,0.994,0.006,,553800,,
1,1,,0.018,0.982,,553500,,
1,1,,0,1,,508200,,
1,1,,0.008,0.992,,437500,,
0,0,,0.984,0.016,,552800,,
0,0,,0.9,0.1,,432000,,
1,1,,0.424,0.576,,459600,,
0,0,,0.88,0.12,,455000,,
0,0,,0.98,0.02,,515400,,
1,1,,0,1,,493200,,
1,1,,0.056,0.944,,505300,,
0,0,,0.928,0.072,,543900,,
1,1,,0.002,0.998,,422800,,
1,1,,0,1,,397500,,
0,0,,0.976,0.024,,412400,,
0,0,,0.994,0.006,,487500,,
0,0,,0.606,0.394,,429500,,
0,0,,1,0,,397600,,
0,0,,0.674,0.326,,1991200,,
1,1,,0.018,0.982,,246200,,
0,0,,0.966,0.034,,221400,,
1,1,,0.142,0.858,,190700,,
0,0,,0.95,0.05,,273600,,
0,0,,0.932,0.068,,179100,,
0,0,,0.982,0.018,,178900,,
1,1,,0.002,0.998,,221500,,
1,1,,0,1,,174500,,
1,1,,0.002,0.998,,173800,,
1,1,,0.04,0.96,,181600,,
0,0,,0.906,0.094,,263900,,
1,1,,0.026,0.974,,189000,,
1,1,,0.1,0.9,,199900,,
1,1,,0.076,0.924,,219600,,
0,0,,0.982,0.018,,189400,,
1,1,,0,1,,219200,,
1,1,,0.002,0.998,,188400,,
0,0,,0.986,0.014,,168800,,
0,0,,0.982,0.018,,158700,,
1,1,,0.06,0.94,,158300,,
1,1,,0,1,,151200,,
1,1,,0.002,0.998,,150300,,
0,0,,0.956,0.044,,230400,,
0,0,,0.95,0.05,,197600,,
1,1,,0,1,,163900,,
1,1,,0,1,,151100,,
0,0,,0.976,0.024,,153700,,
0,0,,0.856,0.144,,150800,,
0,0,,0.992,0.008,,148400,,
0,0,,0.994,0.006,,147000,,
0,0,,0.972,0.028,,144300,,
0,0,,0.938,0.062,,146800,,
0,0,,0.928,0.072,,144300,,
0,0,,0.994,0.006,,145000,,
0,0,,0.916,0.084,,149400,,
0,0,,0.998,0.002,,144300,,
1,1,,0.002,0.998,,148300,,
0,0,,1,0,,147200,,
1,1,,0.01,0.99,,149300,,
1,1,,0.004,0.996,,142700,,
1,1,,0.008,0.992,,151300,,
0,0,,0.688,0.312,,194200,,
0,0,,0.812,0.188,,157500,,
0,0,,1,0,,153900,,
1,1,,0.002,0.998,,156900,,
1,1,,0,1,,145200,,
1,1,,0.198,0.802,,168800,,
1,1,,0.046,0.954,,510000,,
1,1,,0.002,0.998,,183700,,
0,0,,0.872,0.128,,182900,,
0,0,,0.868,0.132,,189100,,
1,1,,0.046,0.954,,180700,,
0,0,,0.994,0.006,,183800,,
1,1,,0.014,0.986,,183500,,
1,1,,0,1,,180400,,
0,0,,0.992,0.008,,186400,,
0,0,,0.992,0.008,,186400,,
0,0,,0.982,0.018,,188400,,
0,0,,1,0,,149700,,
0,0,,0.858,0.142,,151300,,
1,1,,0.014,0.986,,148800,,
1,1,,0.1,0.9,,160300,,
1,1,,0.092,0.908,,150300,,
1,1,,0.002,0.998,,162000,,
0,0,,0.996,0.004,,159700,,
0,0,,0.972,0.028,,157200,,
1,1,,0.018,0.982,,149000,,
1,1,,0,1,,143000,,
1,1,,0,1,,143600,,
1,1,,0.142,0.858,,167200,,
1,1,,0.038,0.962,,154400,,
0,0,,0.99,0.01,,147700,,
1,1,,0.004,0.996,,143200,,
0,1,,0.34,0.66,,152600,,
1,1,,0,1,,143300,,
1,1,,0.008,0.992,,147200,,
0,0,,0.66,0.34,,158900,,
1,1,,0.002,0.998,,144000,,
0,1,,0.468,0.532,,162800,,
1,1,,0,1,,144700,,
1,1,,0.03,0.97,,142500,,
1,1,,0.002,0.998,,140500,,
0,0,,0.982,0.018,,194500,,
0,0,,0.962,0.038,,273400,,
1,1,,0,1,,405100,,
0,0,,0.996,0.004,,284000,,
1,1,,0,1,,459300,,
1,1,,0.012,0.988,,246100,,
0,0,,1,0,,327600,,
0,0,,0.946,0.054,,373500,,
0,0,,0.892,0.108,,267900,,
0,0,,1,0,,256800,,
0,0,,0.99,0.01,,250800,,
0,0,,0.972,0.028,,216400,,
1,1,,0.054,0.946,,195800,,
1,1,,0.006,0.994,,169100,,
0,0,,0.996,0.004,,177000,,
1,1,,0.012,0.988,,252500,,
1,1,,0.088,0.912,,210200,,
0,0,,0.994,0.006,,180100,,
1,1,,0.294,0.706,,184200,,
1,1,,0,1,,161900,,
1,0,,0.508,0.492,,169300,,
0,1,,0.074,0.926,,222800,,
1,1,,0,1,,179900,,
0,0,,1,0,,185000,,
1,1,,0.08,0.92,,237900,,
0,0,,1,0,,173900,,
0,0,,0.992,0.008,,165600,,
1,1,,0.002,0.998,,159100,,
0,0,,0.88,0.12,,170300,,
0,0,,0.684,0.316,,182800,,
1,1,,0.008,0.992,,154800,,
1,1,,0.052,0.948,,160900,,
1,1,,0.01,0.99,,149800,,
1,1,,0,1,,145200,,
1,1,,0.034,0.966,,147900,,
0,0,,1,0,,161600,,
0,0,,0.978,0.022,,151700,,
1,1,,0.062,0.938,,149000,,
0,0,,0.986,0.014,,150500,,
1,1,,0.048,0.952,,151500,,
1,1,,0.156,0.844,,155700,,
0,0,,0.926,0.074,,155400,,
0,0,,1,0,,150100,,
1,1,,0.018,0.982,,148500,,
1,1,,0.002,0.998,,146200,,
0,0,,1,0,,192300,,
0,0,,0.998,0.002,,183300,,
0,0,,1,0,,175900,,
1,1,,0,1,,164200,,
0,0,,0.994,0.006,,153900,,
1,1,,0.132,0.868,,164600,,
1,1,,0.052,0.948,,155200,,
1,0,,0.556,0.444,,162600,,
1,1,,0.154,0.846,,155500,,
0,0,,0.996,0.004,,153400,,
1,1,,0,1,,146200,,
1,1,,0.006,0.994,,154500,,
1,1,,0.042,0.958,,154100,,
0,0,,1,0,,155800,,
1,1,,0.308,0.692,,155500,,
1,1,,0.48,0.52,,163500,,
0,1,,0.104,0.896,,161600,,
1,1,,0.004,0.996,,146000,,
1,1,,0.012,0.988,,149400,,
0,0,,0.992,0.008,,150700,,
1,1,,0.004,0.996,,147600,,
0,1,,0.148,0.852,,158900,,
0,0,,1,0,,148100,,
1,1,,0.094,0.906,,148500,,
0,0,,0.654,0.346,,158200,,
0,0,,0.97,0.03,,150000,,
0,0,,0.672,0.328,,196800,,
0,0,,1,0,,161500,,
0,0,,1,0,,157100,,
0,0,,0.98,0.02,,168800,,
0,0,,0.992,0.008,,148700,,
0,0,,0.932,0.068,,149900,,
0,0,,0.984,0.016,,148900,,
1,1,,0,1,,156800,,
0,0,,0.998,0.002,,1974000,,
0,0,,1,0,,277600,,
0,0,,0.996,0.004,,158400,,
0,0,,1,0,,213400,,
0,0,,0.996,0.004,,217300,,
1,1,,0.004,0.996,,228400,,
1,1,,0.06,0.94,,218000,,
1,1,,0.146,0.854,,190500,,
1,1,,0.01,0.99,,177000,,
1,1,,0,1,,153500,,
1,1,,0.064,0.936,,153100,,
0,0,,1,0,,174200,,
0,0,,0.99,0.01,,163600,,
1,1,,0.01,0.99,,154000,,
0,0,,1,0,,151600,,
0,0,,0.982,0.018,,148200,,
1,1,,0.034,0.966,,147800,,
0,0,,0.812,0.188,,163300,,
0,0,,0.972,0.028,,149100,,
1,1,,0.034,0.966,,150800,,
1,1,,0.1,0.9,,150700,,
0,0,,0.998,0.002,,148200,,
1,1,,0.042,0.958,,150100,,
0,0,,0.98,0.02,,148900,,
0,0,,0.99,0.01,,148800,,
0,0,,0.868,0.132,,160200,,
0,0,,1,0,,148400,,
1,1,,0,1,,148900,,
0,0,,0.998,0.002,,150300,,
0,0,,0.988,0.012,,148800,,
1,1,,0.308,0.692,,171400,,
1,1,,0.016,0.984,,182200,,
0,0,,1,0,,199100,,
0,0,,1,0,,163800,,
0,0,,0.964,0.036,,166200,,
1,1,,0,1,,178800,,
0,0,,0.994,0.006,,161100,,
1,1,,0,1,,151600,,
0,0,,1,0,,155200,,
1,1,,0.06,0.94,,167300,,
1,1,,0,1,,150000,,
1,1,,0,1,,144800,,
1,1,,0,1,,145300,,
0,0,,0.984,0.016,,154500,,
0,0,,0.834,0.166,,161700,,
1,1,,0.174,0.826,,156200,,
0,0,,1,0,,151900,,
1,0,,0.676,0.324,,159700,,
1,1,,0.146,0.854,,164900,,
0,0,,0.946,0.054,,153300,,
1,1,,0.004,0.996,,148400,,
1,1,,0.002,0.998,,149400,,
0,0,,0.996,0.004,,151700,,
1,1,,0.072,0.928,,165900,,
0,0,,0.928,0.072,,156400,,
1,1,,0.002,0.998,,163300,,
0,0,,1,0,,153100,,
1,1,,0.012,0.988,,192700,,
0,0,,0.828,0.172,,204300,,
0,0,,0.976,0.024,,192300,,
0,0,,1,0,,184000,,
0,0,,1,0,,160800,,
1,1,,0.168,0.832,,179700,,
1,1,,0.044,0.956,,181300,,
0,1,,0.262,0.738,,188200,,
0,0,,0.996,0.004,,163400,,
0,0,,1,0,,164800,,
1,1,,0.006,0.994,,174300,,
1,1,,0.044,0.956,,175800,,
0,0,,0.9,0.1,,188100,,
1,1,,0.034,0.966,,168100,,
0,0,,0.966,0.034,,168400,,
1,1,,0.068,0.932,,157900,,
1,1,,0,1,,148800,,
1,1,,0.04,0.96,,148800,,
1,1,,0.066,0.934,,179800,,
1,1,,0.428,0.572,,169300,,
1,1,,0.002,0.998,,148700,,
1,1,,0.01,0.99,,162400,,
1,1,,0.02,0.98,,159500,,
0,0,,0.962,0.038,,160900,,
1,1,,0.112,0.888,,202700,,
1,1,,0.008,0.992,,165100,,
1,1,,0.014,0.986,,157400,,
1,1,,0.002,0.998,,172600,,
0,0,,0.908,0.092,,188400,,
1,1,,0.002,0.998,,163400,,
0,0,,0.986,0.014,,161500,,
1,1,,0,1,,152900,,
0,0,,0.994,0.006,,167600,,
1,1,,0.496,0.504,,169600,,
0,0,,0.998,0.002,,154900,,
0,0,,0.964,0.036,,159900,,
1,1,,0.314,0.686,,181100,,
1,1,,0,1,,148600,,
0,0,,0.99,0.01,,152000,,
1,1,,0.186,0.814,,173700,,
1,1,,0.04,0.96,,159500,,
0,0,,1,0,,160200,,
1,1,,0.016,0.984,,171000,,
0,0,,1,0,,210100,,
1,1,,0.064,0.936,,194600,,
0,0,,0.998,0.002,,164100,,
0,0,,0.976,0.024,,156300,,
0,0,,1,0,,150500,,
1,1,,0.156,0.844,,191000,,
1,1,,0,1,,160100,,
0,1,,0.472,0.528,,205800,,
1,1,,0.028,0.972,,170700,,
0,0,,0.922,0.078,,154800,,
1,1,,0.01,0.99,,151000,,
0,0,,0.974,0.026,,152700,,
0,0,,0.912,0.088,,153200,,
0,0,,0.996,0.004,,156500,,
0,0,,0.934,0.066,,157300,,
1,1,,0.022,0.978,,156000,,
1,1,,0,1,,147000,,
0,0,,0.942,0.058,,152800,,
0,0,,1,0,,148200,,
0,0,,0.934,0.066,,149000,,
0,0,,0.942,0.058,,154000,,
1,1,,0.012,0.988,,153600,,
0,0,,0.982,0.018,,152700,,
0,0,,1,0,,148100,,
1,1,,0.01,0.99,,151600,,
1,1,,0.03,0.97,,147800,,
1,1,,0.066,0.934,,167500,,
0,0,,0.998,0.002,,152700,,
0,0,,1,0,,150200,,
1,1,,0,1,,145500,,
0,0,,0.974,0.026,,149300,,
0,0,,0.998,0.002,,145000,,
0,0,,0.964,0.036,,249200,,
1,1,,0.004,0.996,,154500,,
0,0,,1,0,,158800,,
1,1,,0.278,0.722,,160800,,
1,1,,0.014,0.986,,150100,,
1,1,,0.008,0.992,,147500,,
1,1,,0.016,0.984,,154600,,
1,1,,0.006,0.994,,156300,,
0,0,,0.968,0.032,,166300,,
0,0,,0.968,0.032,,199700,,
0,0,,0.628,0.372,,261400,,
0,0,,0.996,0.004,,269800,,
0,0,,0.784,0.216,,170500,,
1,1,,0,1,,153000,,
0,0,,0.988,0.012,,151600,,
0,0,,1,0,,155700,,
1,1,,0.008,0.992,,150100,,
1,1,,0.056,0.944,,346200,,
0,0,,0.936,0.064,,214600,,
0,0,,1,0,,168100,,
0,0,,0.998,0.002,,154900,,
1,1,,0.162,0.838,,159300,,
1,1,,0.012,0.988,,265100,,
0,0,,0.996,0.004,,183500,,
1,1,,0,1,,164700,,
0,0,,0.992,0.008,,199700,,
1,1,,0.108,0.892,,162400,,
1,1,,0.312,0.688,,216300,,
0,0,,1,0,,276600,,
0,0,,1,0,,157200,,
0,0,,1,0,,153200,,
1,1,,0,1,,273600,,
0,0,,0.98,0.02,,354600,,
0,0,,1,0,,355100,,
0,1,,0.146,0.854,,376400,,
1,1,,0.156,0.844,,356000,,
0,0,,1,0,,359600,,
0,0,,0.998,0.002,,406000,,
0,0,,0.98,0.02,,517200,,
0,0,,0.948,0.052,,587700,,
1,1,,0.118,0.882,,407500,,
0,0,,0.998,0.002,,302000,,
0,0,,0.612,0.388,,179900,,
1,1,,0,1,,174000,,
0,0,,0.832,0.168,,332500,,
0,0,,1,0,,393800,,
1,1,,0.002,0.998,,488900,,
1,1,,0.058,0.942,,450200,,
1,1,,0.046,0.954,,684000,,
0,0,,0.984,0.016,,505100,,
1,1,,0,1,,2152500,,
0,0,,0.826,0.174,,793300,,
0,0,,0.782,0.218,,701000,,
0,0,,0.968,0.032,,568400,,
1,1,,0,1,,516900,,
0,0,,0.93,0.07,,475500,,
1,1,,0,1,,567200,,
0,0,,1,0,,470000,,
0,0,,0.858,0.142,,669500,,
1,1,,0,1,,576600,,
0,0,,0.996,0.004,,520300,,
0,0,,0.952,0.048,,488600,,
1,1,,0.082,0.918,,550900,,
0,0,,0.994,0.006,,509700,,
1,1,,0.014,0.986,,516200,,
0,0,,1,0,,436900,,
0,0,,0.778,0.222,,447100,,
0,0,,0.92,0.08,,1134600,,
0,0,,0.884,0.116,,506500,,
0,0,,1,0,,1258900,,
0,0,,0.982,0.018,,656600,,
1,1,,0.098,0.902,,514300,,
0,0,,0.998,0.002,,443700,,
0,0,,0.78,0.22,,642200,,
1,1,,0,1,,521700,,
1,1,,0.002,0.998,,428400,,
1,1,,0,1,,392500,,
0,0,,1,0,,508000,,
0,0,,0.974,0.026,,489100,,
1,1,,0.05,0.95,,486600,,
0,0,,0.95,0.05,,398200,,
0,0,,0.962,0.038,,474300,,
0,0,,0.864,0.136,,585700,,
1,1,,0.054,0.946,,405700,,
0,0,,0.976,0.024,,410600,,
0,0,,0.816,0.184,,396100,,
0,0,,0.95,0.05,,382500,,
0,0,,0.994,0.006,,369100,,
1,1,,0.012,0.988,,380800,,
1,1,,0.024,0.976,,384600,,
0,0,,0.736,0.264,,374100,,
0,0,,0.952,0.048,,541000,,
1,1,,0.066,0.934,,437000,,
1,0,,0.93,0.07,,455800,,
1,1,,0.01,0.99,,593100,,
0,0,,0.976,0.024,,452600,,
1,1,,0.02,0.98,,379000,,
1,1,,0.116,0.884,,361700,,
1,1,,0.198,0.802,,391000,,
0,0,,0.978,0.022,,368100,,
1,1,,0.036,0.964,,373500,,
0,0,,0.932,0.068,,424500,,
1,1,,0,1,,373300,,
1,1,,0.008,0.992,,371400,,
1,1,,0.09,0.91,,378100,,
1,1,,0.038,0.962,,386500,,
0,0,,1,0,,405300,,
0,0,,0.96,0.04,,387300,,
1,1,,0.422,0.578,,402800,,
0,0,,0.834,0.166,,424900,,
1,1,,0.036,0.964,,446700,,
0,0,,1,0,,459700,,
1,1,,0.104,0.896,,518400,,
0,0,,0.92,0.08,,402900,,
0,0,,0.998,0.002,,392800,,
0,0,,1,0,,387500,,
0,0,,0.858,0.142,,384400,,
1,1,,0,1,,759100,,
1,1,,0,1,,426400,,
1,1,,0.108,0.892,,455600,,
1,1,,0.016,0.984,,463700,,
1,1,,0,1,,978500,,
0,0,,0.902,0.098,,519900,,
0,0,,0.784,0.216,,431200,,
1,1,,0,1,,427300,,
1,1,,0.102,0.898,,393200,,
0,0,,1,0,,412200,,
1,1,,0.112,0.888,,412700,,
1,1,,0.006,0.994,,496100,,
0,0,,1,0,,611000,,
1,1,,0.002,0.998,,1055400,,
0,0,,0.996,0.004,,458700,,
0,0,,0.998,0.002,,545400,,
0,0,,1,0,,671800,,
0,0,,0.846,0.154,,387000,,
0,0,,0.932,0.068,,632500,,
0,0,,1,0,,430900,,
0,0,,0.892,0.108,,429000,,
0,0,,0.95,0.05,,444600,,
0,0,,0.58,0.42,,509200,,
1,1,,0.094,0.906,,442800,,
1,1,,0.294,0.706,,382200,,
0,0,,0.964,0.036,,372500,,
1,1,,0.002,0.998,,382700,,
0,0,,1,0,,467200,,
1,1,,0.144,0.856,,534300,,
1,1,,0.006,0.994,,504300,,
0,0,,0.794,0.206,,562600,,
0,0,,0.912,0.088,,490600,,
0,0,,0.856,0.144,,572500,,
0,0,,0.998,0.002,,476300,,
1,1,,0.02,0.98,,577700,,
1,1,,0.018,0.982,,478200,,
0,0,,0.956,0.044,,391200,,
0,0,,0.926,0.074,,364600,,
0,0,,0.986,0.014,,351700,,
1,1,,0.068,0.932,,363900,,
0,0,,0.998,0.002,,359100,,
1,1,,0,1,,379400,,
0,0,,0.972,0.028,,390100,,
1,1,,0.024,0.976,,364500,,
1,1,,0.002,0.998,,358800,,
0,0,,0.662,0.338,,460800,,
1,1,,0,1,,509200,,
1,1,,0,1,,398900,,
1,1,,0.01,0.99,,506400,,
1,1,,0.002,0.998,,542600,,
0,0,,1,0,,451400,,
0,0,,0.972,0.028,,427500,,
0,0,,0.888,0.112,,376400,,
1,1,,0,1,,357200,,
0,0,,0.946,0.054,,357000,,
0,0,,0.836,0.164,,385700,,
0,0,,1,0,,374400,,
0,0,,0.952,0.048,,365400,,
1,1,,0,1,,364800,,
0,0,,0.924,0.076,,356600,,
1,1,,0.232,0.768,,364500,,
1,1,,0.02,0.98,,355600,,
0,0,,1,0,,354600,,
0,0,,0.868,0.132,,355800,,
1,1,,0,1,,350600,,
0,0,,0.906,0.094,,374300,,
0,0,,0.994,0.006,,374600,,
1,1,,0.038,0.962,,446400,,
1,1,,0,1,,450500,,
1,1,,0.016,0.984,,445400,,
0,0,,0.702,0.298,,396600,,
0,0,,0.848,0.152,,388400,,
1,1,,0.006,0.994,,1946900,,
1,1,,0.112,0.888,,315000,,
1,1,,0,1,,187600,,
1,1,,0,1,,152400,,
1,1,,0.004,0.996,,152100,,
0,0,,1,0,,162500,,
1,1,,0,1,,149400,,
0,1,,0.142,0.858,,170700,,
0,0,,0.996,0.004,,151100,,
1,1,,0.044,0.956,,151600,,
0,0,,0.936,0.064,,147500,,
1,1,,0,1,,144100,,
1,1,,0.138,0.862,,148200,,
0,0,,0.946,0.054,,150800,,
0,0,,0.986,0.014,,149400,,
1,1,,0.214,0.786,,151700,,
0,0,,1,0,,145800,,
0,0,,0.992,0.008,,143600,,
0,0,,1,0,,144500,,
0,0,,0.904,0.096,,148200,,
0,0,,0.984,0.016,,146500,,
1,1,,0.298,0.702,,169800,,
1,1,,0.014,0.986,,149800,,
1,1,,0.062,0.938,,151900,,
1,1,,0.002,0.998,,145500,,
0,0,,0.866,0.134,,148400,,
0,0,,1,0,,147400,,
0,0,,0.94,0.06,,150900,,
1,1,,0.004,0.996,,159100,,
1,1,,0.004,0.996,,156300,,
0,0,,0.886,0.114,,174300,,
1,1,,0,1,,156100,,
1,1,,0,1,,150100,,
1,1,,0.024,0.976,,154100,,
0,0,,0.99,0.01,,158700,,
1,1,,0.002,0.998,,157500,,
0,0,,0.81,0.19,,158900,,
0,0,,0.974,0.026,,183800,,
0,0,,0.976,0.024,,165900,,
0,0,,0.93,0.07,,184400,,
0,0,,0.944,0.056,,157800,,
1,1,,0.108,0.892,,161900,,
1,1,,0,1,,152600,,
0,0,,0.868,0.132,,156900,,
1,1,,0.008,0.992,,147600,,
1,1,,0,1,,146500,,
1,1,,0,1,,146500,,
1,1,,0.048,0.952,,157100,,
0,0,,0.892,0.108,,152900,,
0,0,,0.816,0.184,,152100,,
0,0,,0.578,0.422,,154000,,
1,1,,0,1,,145800,,
1,0,,0.894,0.106,,151200,,
0,0,,0.844,0.156,,149100,,
0,0,,0.878,0.122,,197400,,
1,1,,0,1,,160200,,
1,1,,0,1,,153200,,
0,0,,0.934,0.066,,169600,,
0,0,,1,0,,166000,,
0,0,,0.784,0.216,,160200,,
1,1,,0.042,0.958,,170300,,
1,1,,0.02,0.98,,150900,,
0,0,,0.704,0.296,,153200,,
0,0,,1,0,,151400,,
1,1,,0.052,0.948,,161400,,
0,0,,0.804,0.196,,164300,,
1,1,,0.002,0.998,,150800,,
1,1,,0,1,,146400,,
1,1,,0.002,0.998,,144600,,
0,0,,0.978,0.022,,152200,,
1,1,,0,1,,145500,,
1,0,,0.504,0.496,,181900,,
0,0,,0.93,0.07,,149900,,
0,0,,0.996,0.004,,148200,,
0,0,,0.918,0.082,,147900,,
1,0,,0.558,0.442,,156000,,
1,1,,0,1,,146200,,
0,0,,0.986,0.014,,154000,,
0,0,,1,0,,148300,,
1,1,,0.02,0.98,,149100,,
1,1,,0.022,0.978,,204200,,
0,0,,0.996,0.004,,174300,,
1,1,,0.06,0.94,,172600,,
0,0,,1,0,,170600,,
0,0,,0.938,0.062,,157700,,
1,1,,0,1,,151800,,
0,0,,0.976,0.024,,162800,,
1,1,,0,1,,154900,,
1,1,,0.162,0.838,,166600,,
1,1,,0.064,0.936,,159400,,
1,1,,0.22,0.78,,164000,,
1,1,,0,1,,150300,,
1,1,,0.452,0.548,,166700,,
1,1,,0.002,0.998,,149100,,
0,0,,0.948,0.052,,153900,,
1,1,,0.004,0.996,,147700,,
1,1,,0.004,0.996,,150300,,
0,0,,0.988,0.012,,154000,,
0,1,,0.306,0.694,,171800,,
1,1,,0.026,0.974,,147700,,
1,1,,0,1,,145500,,
0,0,,0.852,0.148,,157600,,
1,1,,0.146,0.854,,161700,,
0,0,,0.97,0.03,,165100,,
1,1,,0.26,0.74,,158600,,
0,0,,0.98,0.02,,156500,,
1,1,,0.004,0.996,,184800,,
1,1,,0.228,0.772,,183000,,
0,0,,0.92,0.08,,177500,,
1,1,,0.058,0.942,,195000,,
0,0,,0.986,0.014,,170700,,
1,1,,0,1,,156800,,
0,0,,0.98,0.02,,160600,,
0,0,,0.87,0.13,,155800,,
1,1,,0,1,,162900,,
1,1,,0.02,0.98,,158100,,
0,0,,0.976,0.024,,156400,,
0,0,,0.966,0.034,,156700,,
0,0,,0.996,0.004,,149900,,
1,1,,0.004,0.996,,183600,,
0,0,,0.718,0.282,,222900,,
0,0,,0.692,0.308,,205400,,
1,1,,0.146,0.854,,183300,,
0,0,,0.984,0.016,,169300,,
0,1,,0.154,0.846,,188000,,
0,0,,0.994,0.006,,502000,,
0,0,,0.982,0.018,,257900,,
1,1,,0.028,0.972,,338600,,
1,0,,0.648,0.352,,306100,,
0,0,,0.896,0.104,,203200,,
1,1,,0.022,0.978,,183300,,
0,1,,0.148,0.852,,174400,,
0,0,,0.986,0.014,,169200,,
1,1,,0,1,,153000,,
0,0,,0.974,0.026,,153000,,
0,0,,0.998,0.002,,158100,,
0,0,,0.982,0.018,,156200,,
1,1,,0.418,0.582,,154200,,
1,1,,0.022,0.978,,149700,,
1,1,,0,1,,144400,,
0,0,,0.884,0.116,,153700,,
0,0,,0.89,0.11,,154200,,
0,0,,0.988,0.012,,174400,,
1,1,,0.006,0.994,,165200,,
0,0,,0.926,0.074,,156600,,
0,1,,0.154,0.846,,173100,,
1,1,,0,1,,148000,,
1,1,,0.002,0.998,,146900,,
1,1,,0.022,0.978,,154400,,
1,0,,0.588,0.412,,169900,,
0,0,,0.998,0.002,,156400,,
0,0,,0.92,0.08,,186300,,
0,0,,1,0,,178500,,
0,0,,0.76,0.24,,200400,,
0,0,,0.944,0.056,,187500,,
0,0,,0.986,0.014,,211700,,
0,0,,0.98,0.02,,168700,,
1,1,,0,1,,163800,,
1,1,,0.038,0.962,,163400,,
0,0,,0.956,0.044,,173900,,
1,1,,0.236,0.764,,180200,,
1,1,,0.012,0.988,,165600,,
0,0,,0.996,0.004,,156700,,
1,1,,0.018,0.982,,162400,,
1,1,,0.06,0.94,,155300,,
0,0,,0.924,0.076,,162800,,
1,1,,0.002,0.998,,148700,,
0,0,,0.948,0.052,,153500,,
1,0,,0.876,0.124,,153000,,
1,1,,0,1,,148200,,
1,1,,0.29,0.71,,150400,,
0,0,,0.696,0.304,,152000,,
0,0,,0.996,0.004,,153200,,
0,0,,0.882,0.118,,155400,,
0,0,,0.858,0.142,,149500,,
1,1,,0.002,0.998,,147300,,
0,0,,0.582,0.418,,284500,,
0,0,,0.986,0.014,,192400,,
1,1,,0.282,0.718,,188300,,
0,0,,0.974,0.026,,164400,,
0,0,,0.802,0.198,,158100,,
0,1,,0.294,0.706,,165000,,
0,0,,0.996,0.004,,150700,,
1,1,,0,1,,154000,,
0,0,,0.996,0.004,,172200,,
1,1,,0.002,0.998,,150000,,
1,1,,0.016,0.984,,156700,,
0,0,,0.956,0.044,,153600,,
0,0,,0.858,0.142,,154900,,
0,0,,0.992,0.008,,152300,,
0,0,,0.998,0.002,,211100,,
0,0,,0.952,0.048,,168500,,
0,0,,0.962,0.038,,154000,,
0,0,,0.996,0.004,,151100,,
1,1,,0.272,0.728,,159100,,
1,1,,0.088,0.912,,167600,,
0,0,,0.758,0.242,,153400,,
0,0,,0.978,0.022,,149800,,
0,0,,0.9,0.1,,151200,,
1,1,,0.028,0.972,,163400,,
0,0,,0.888,0.112,,246000,,
1,1,,0.012,0.988,,194100,,
0,0,,0.912,0.088,,157800,,
0,0,,0.926,0.074,,153000,,
0,0,,0.99,0.01,,149200,,
0,0,,0.964,0.036,,153200,,
1,1,,0.012,0.988,,151100,,
0,0,,1,0,,151200,,
1,1,,0,1,,148600,,
0,0,,0.984,0.016,,151700,,
1,1,,0.092,0.908,,151000,,
1,1,,0,1,,146200,,
0,0,,0.846,0.154,,159700,,
1,1,,0.106,0.894,,162000,,
0,0,,0.998,0.002,,183600,,
1,1,,0.048,0.952,,175100,,
1,1,,0.006,0.994,,152700,,
0,0,,0.984,0.016,,157800,,
0,0,,0.982,0.018,,156800,,
0,0,,0.996,0.004,,155400,,
0,0,,0.99,0.01,,154000,,
0,0,,0.994,0.006,,147400,,
0,1,,0.056,0.944,,151900,,
0,0,,0.99,0.01,,147900,,
1,1,,0.088,0.912,,153900,,
0,0,,0.936,0.064,,149700,,
1,1,,0,1,,144800,,
1,1,,0.002,0.998,,211500,,
1,1,,0,1,,148100,,
0,0,,0.964,0.036,,151600,,
1,1,,0.27,0.73,,153600,,
1,1,,0.218,0.782,,157800,,
0,0,,0.96,0.04,,149500,,
0,0,,0.972,0.028,,154500,,
0,0,,1,0,,149000,,
1,1,,0.01,0.99,,150000,,
1,1,,0.122,0.878,,155500,,
0,0,,0.99,0.01,,153200,,
1,1,,0.002,0.998,,146200,,
0,0,,0.634,0.366,,172000,,
1,1,,0.014,0.986,,152800,,
1,0,,0.514,0.486,,153200,,
0,0,,0.964,0.036,,159100,,
1,1,,0.002,0.998,,153000,,
1,1,,0.024,0.976,,159500,,
0,0,,0.978,0.022,,155900,,
0,0,,0.956,0.044,,150900,,
0,0,,0.852,0.148,,147800,,
1,1,,0.066,0.934,,153100,,
0,0,,0.932,0.068,,150000,,
1,1,,0.086,0.914,,161800,,
1,1,,0.084,0.916,,150700,,
1,1,,0,1,,150300,,
1,1,,0.426,0.574,,220300,,
0,0,,0.978,0.022,,164000,,
1,1,,0.056,0.944,,168100,,
1,1,,0.002,0.998,,151300,,
0,0,,1,0,,165700,,
0,0,,0.946,0.054,,158500,,
1,1,,0,1,,151900,,
1,1,,0.098,0.902,,163300,,
0,0,,0.976,0.024,,182200,,
0,0,,0.974,0.026,,179200,,
1,1,,0.002,0.998,,162300,,
0,0,,0.944,0.056,,158400,,
1,1,,0.092,0.908,,183800,,
1,1,,0.01,0.99,,186000,,
1,1,,0.004,0.996,,150100,,
1,1,,0.006,0.994,,147100,,
0,0,,0.914,0.086,,159300,,
1,1,,0.012,0.988,,169400,,
0,0,,0.998,0.002,,157300,,
1,1,,0.004,0.996,,146800,,
1,1,,0,1,,144900,,
1,1,,0.048,0.952,,148100,,
1,1,,0.186,0.814,,156400,,
0,0,,0.978,0.022,,156500,,
0,0,,0.988,0.012,,151400,,
1,1,,0.082,0.918,,154600,,
0,0,,0.874,0.126,,200800,,
1,1,,0.026,0.974,,157100,,
0,0,,0.976,0.024,,163300,,
1,1,,0,1,,194800,,
1,1,,0.062,0.938,,156700,,
0,0,,1,0,,155300,,
0,0,,0.992,0.008,,148800,,
1,1,,0,1,,146900,,
0,0,,0.994,0.006,,151100,,
0,0,,0.99,0.01,,147700,,
0,0,,0.96,0.04,,152000,,
1,1,,0.106,0.894,,152600,,
0,0,,0.866,0.134,,154100,,
1,1,,0.014,0.986,,151300,,
0,0,,0.98,0.02,,150000,,
1,1,,0.086,0.914,,154600,,
1,0,,0.832,0.168,,153100,,
1,1,,0.032,0.968,,146900,,
0,0,,0.874,0.126,,147400,,
1,1,,0,1,,143700,,
0,0,,0.94,0.06,,146700,,
1,1,,0.004,0.996,,144400,,
0,0,,0.808,0.192,,147100,,
0,0,,0.796,0.204,,155300,,
1,1,,0,1,,144700,,
0,0,,0.902,0.098,,148400,,
1,1,,0,1,,264600,,
0,0,,0.998,0.002,,175900,,
1,1,,0.002,0.998,,162900,,
1,1,,0.004,0.996,,159000,,
1,1,,0,1,,146900,,
1,0,,0.878,0.122,,153700,,
1,1,,0.002,0.998,,144600,,
0,0,,0.986,0.014,,152500,,
0,0,,0.76,0.24,,160200,,
1,1,,0,1,,150000,,
1,1,,0,1,,143000,,
0,0,,0.984,0.016,,147900,,
1,1,,0.006,0.994,,145400,,
1,1,,0.004,0.996,,143100,,
0,0,,0.99,0.01,,147900,,
0,0,,0.984,0.016,,145500,,
1,1,,0,1,,147100,,
1,0,,0.906,0.094,,771900,,
1,1,,0.006,0.994,,172700,,
0,0,,0.974,0.026,,168500,,
0,0,,0.706,0.294,,162600,,
1,1,,0,1,,148000,,
0,0,,0.94,0.06,,146900,,
1,1,,0.076,0.924,,198900,,
1,1,,0.112,0.888,,173700,,
0,0,,0.994,0.006,,164100,,
1,1,,0.036,0.964,,164300,,
1,1,,0.272,0.728,,166600,,
1,1,,0.038,0.962,,150100,,
0,0,,1,0,,159800,,
0,1,,0.174,0.826,,173500,,
1,1,,0,1,,155300,,
1,1,,0.002,0.998,,154000,,
1,1,,0.01,0.99,,147000,,
1,1,,0,1,,162200,,
0,0,,0.822,0.178,,220100,,
1,0,,0.832,0.168,,221300,,
0,0,,0.978,0.022,,194600,,
1,1,,0,1,,193400,,
0,1,,0.498,0.502,,233100,,
0,0,,0.98,0.02,,208300,,
0,0,,0.984,0.016,,255600,,
1,1,,0,1,,280100,,
1,1,,0.142,0.858,,248600,,
1,1,,0.002,0.998,,198700,,
0,0,,0.982,0.018,,204300,,
1,1,,0.002,0.998,,154600,,
1,1,,0.15,0.85,,181300,,
1,1,,0.02,0.98,,203600,,
1,1,,0,1,,181700,,
0,0,,0.914,0.086,,219100,,
1,1,,0.002,0.998,,194900,,
1,1,,0.002,0.998,,149800,,
0,0,,0.97,0.03,,189500,,
0,0,,0.984,0.016,,163700,,
0,0,,1,0,,150100,,
1,1,,0.008,0.992,,159300,,
1,1,,0,1,,149600,,
1,1,,0.026,0.974,,147300,,
0,0,,1,0,,150100,,
0,0,,0.942,0.058,,151900,,
1,1,,0.002,0.998,,146900,,
1,1,,0.02,0.98,,161500,,
1,1,,0.006,0.994,,142900,,
1,0,,0.828,0.172,,155000,,
1,1,,0.004,0.996,,145700,,
0,0,,0.99,0.01,,154400,,
1,1,,0,1,,146400,,
1,1,,0.006,0.994,,154700,,
0,0,,0.992,0.008,,262700,,
0,0,,0.944,0.056,,166000,,
0,0,,0.788,0.212,,205500,,
1,1,,0.046,0.954,,204100,,
1,1,,0.076,0.924,,154700,,
0,0,,0.946,0.054,,160800,,
1,1,,0,1,,150700,,
1,1,,0.016,0.984,,148700,,
0,0,,0.988,0.012,,153400,,
1,1,,0.018,0.982,,149500,,
1,1,,0.008,0.992,,145500,,
0,0,,1,0,,161500,,
1,1,,0,1,,146400,,
1,1,,0.09,0.91,,154200,,
0,0,,0.976,0.024,,152800,,
0,0,,0.918,0.082,,149500,,
0,0,,0.938,0.062,,149900,,
1,1,,0,1,,145700,,
0,0,,0.98,0.02,,163000,,
1,1,,0.016,0.984,,156500,,
0,0,,0.896,0.104,,151400,,
1,1,,0.336,0.664,,160300,,
1,1,,0.012,0.988,,154600,,
1,1,,0,1,,145400,,