ItalyPowerDemand,CAWPE,train,0,NANOSECONDS,PREDICTIONS, Generated by BasicReproductionTests at 2019-10-01 13:46:46
machine_learning.classifiers.ensembles.CAWPE, 2019-10-01 13:46:46, 1569934006378
0.9650145772594753,1980417460,30949179,-1,-1,2,,-1,-1
1,1,,0.006962,0.993038,,5649311,,
1,1,,0.01188,0.98812,,30964,,
1,1,,0.008443,0.991557,,19017,,
1,0,,0.559273,0.440727,,18286,,
1,1,,0.009983,0.990017,,18774,,
0,0,,0.993155,0.006845,,17066,,
1,1,,0.007019,0.992981,,17554,,
1,1,,0.006993,0.993007,,18286,,
1,1,,0.025578,0.974422,,28282,,
1,1,,0.007172,0.992828,,17555,,
1,1,,0.006973,0.993027,,18285,,
1,1,,0.065103,0.934897,,19504,,
1,1,,0.006958,0.993042,,21455,,
0,0,,0.992358,0.007642,,19017,,
0,0,,0.71292,0.28708,,18773,,
1,1,,0.006955,0.993045,,19017,,
0,0,,0.968437,0.031563,,17554,,
0,0,,0.988908,0.011092,,17066,,
0,0,,0.993149,0.006851,,18042,,
1,1,,0.119715,0.880285,,18529,,
0,0,,0.824904,0.175096,,283307,,
0,0,,0.993214,0.006786,,38766,,
1,1,,0.151039,0.848961,,60465,,
0,0,,0.991871,0.008129,,28282,,
1,1,,0.0645,0.9355,,31207,,
0,0,,0.992473,0.007527,,47787,,
0,0,,0.993098,0.006902,,20723,,
0,0,,0.993204,0.006796,,18286,,
1,1,,0.007294,0.992706,,43154,,
0,0,,0.992968,0.007032,,16579,,
0,0,,0.99165,0.00835,,16091,,
0,0,,0.992835,0.007165,,42179,,
0,0,,0.836601,0.163399,,20480,,
1,1,,0.008798,0.991202,,16580,,
1,1,,0.006956,0.993044,,20968,,
0,0,,0.98699,0.01301,,16335,,
1,1,,0.006965,0.993035,,19017,,
0,0,,0.991317,0.008683,,19017,,
1,1,,0.389137,0.610863,,17066,,
0,0,,0.924751,0.075249,,17554,,
1,1,,0.008132,0.991868,,15116,,
1,1,,0.008227,0.991773,,57783,,
1,1,,0.00729,0.99271,,41204,,
1,1,,0.006955,0.993045,,78507,,
0,0,,0.972854,0.027146,,31695,,
1,1,,0.207711,0.792289,,20236,,
1,1,,0.007725,0.992275,,16579,,
0,0,,0.987937,0.012063,,16823,,
1,1,,0.009705,0.990295,,31939,,
0,0,,0.909653,0.090347,,30964,,
1,1,,0.007187,0.992813,,29745,,
1,1,,0.007068,0.992932,,36328,,
1,1,,0.00819,0.99181,,31452,,
1,1,,0.007393,0.992607,,28769,,
0,0,,0.965841,0.034159,,29501,,
1,1,,0.274864,0.725136,,29014,,
1,1,,0.186478,0.813522,,37791,,
1,1,,0.007746,0.992254,,52663,,
1,1,,0.008145,0.991855,,28282,,
1,1,,0.021531,0.978469,,25356,,
1,1,,0.008863,0.991137,,33646,,
1,1,,0.006961,0.993039,,22918,,
1,1,,0.181799,0.818201,,19505,,
1,1,,0.018821,0.981179,,17554,,
0,0,,0.68301,0.31699,,16823,,
1,1,,0.194412,0.805588,,23893,,
1,1,,0.00698,0.99302,,21211,,
0,0,,0.950472,0.049528,,17554,,
1,1,,0.008373,0.991627,,19017,,
1,0,,0.522422,0.477578,,17311,,
1,1,,0.017024,0.982976,,16823,,
1,1,,0.404974,0.595026,,16335,,
1,1,,0.15862,0.84138,,19992,,
0,0,,0.988703,0.011297,,17067,,
0,0,,0.992265,0.007735,,17310,,
1,1,,0.008573,0.991427,,15604,,
0,0,,0.992745,0.007255,,15116,,
1,1,,0.006955,0.993045,,16335,,
0,0,,0.989838,0.010162,,15604,,
0,0,,0.993046,0.006954,,16092,,
0,0,,0.99207,0.00793,,17066,,
1,1,,0.007271,0.992729,,17798,,
1,1,,0.006974,0.993026,,14141,,
1,0,,0.822039,0.177961,,16823,,
1,1,,0.007089,0.992911,,16335,,
1,1,,0.009395,0.990605,,15116,,
1,1,,0.006966,0.993034,,15360,,
0,0,,0.987468,0.012532,,15116,,
1,1,,0.007726,0.992274,,14628,,
1,0,,0.597291,0.402709,,17554,,
1,1,,0.006966,0.993034,,17311,,
0,0,,0.989388,0.010612,,15360,,
0,0,,0.833202,0.166798,,16579,,
0,0,,0.993215,0.006785,,15848,,
1,1,,0.006955,0.993045,,16823,,
0,0,,0.807131,0.192869,,16579,,
1,1,,0.006954,0.993046,,19017,,
0,0,,0.992961,0.007039,,15604,,
0,0,,0.955337,0.044663,,17067,,
0,0,,0.988614,0.011386,,17554,,
1,1,,0.401708,0.598292,,17554,,
1,1,,0.008181,0.991819,,14629,,
0,0,,0.992101,0.007899,,14873,,
1,1,,0.014437,0.985563,,17066,,
0,0,,0.900617,0.099383,,17067,,
1,1,,0.007101,0.992899,,14629,,
0,0,,0.991595,0.008405,,18286,,
0,0,,0.993003,0.006997,,24381,,
1,1,,0.007848,0.992152,,28526,,
0,0,,0.991451,0.008549,,20236,,
0,0,,0.982807,0.017193,,20724,,
0,0,,0.993053,0.006947,,35840,,
1,1,,0.007096,0.992904,,18773,,
0,0,,0.900947,0.099053,,16823,,
0,0,,0.993147,0.006853,,13409,,
1,1,,0.006954,0.993046,,18042,,
0,0,,0.806354,0.193646,,15360,,
0,0,,0.993133,0.006867,,13897,,
0,0,,0.987632,0.012368,,14629,,
0,0,,0.988961,0.011039,,13897,,
0,0,,0.992872,0.007128,,16091,,
1,1,,0.007533,0.992467,,14385,,
1,1,,0.006959,0.993041,,16579,,
1,1,,0.006972,0.993028,,12922,,
1,1,,0.007256,0.992744,,13897,,
0,0,,0.855799,0.144201,,15116,,
0,0,,0.99057,0.00943,,90210,,
1,1,,0.006969,0.993031,,94842,,
0,0,,0.992369,0.007631,,120442,,
1,1,,0.00696,0.99304,,27795,,
0,0,,0.99213,0.00787,,23406,,
1,1,,0.006956,0.993044,,21699,,
1,1,,0.006982,0.993018,,28282,,
1,1,,0.006956,0.993044,,23162,,
0,0,,0.993094,0.006906,,25356,,
0,0,,0.990394,0.009606,,30720,,
1,1,,0.443577,0.556423,,32427,,
0,0,,0.873556,0.126444,,53395,,
0,0,,0.992854,0.007146,,26088,,
1,1,,0.00747,0.99253,,20236,,
1,1,,0.006954,0.993046,,28282,,
0,0,,0.989506,0.010494,,18042,,
1,1,,0.008296,0.991704,,14385,,
1,1,,0.007104,0.992896,,14872,,
0,0,,0.991946,0.008054,,13166,,
0,0,,0.992607,0.007393,,12921,,
0,1,,0.479108,0.520892,,17798,,
0,0,,0.992727,0.007273,,13410,,
0,0,,0.59916,0.40084,,15360,,
1,1,,0.006974,0.993026,,14872,,
0,0,,0.992642,0.007358,,15360,,
1,1,,0.035087,0.964913,,14385,,
0,0,,0.986765,0.013235,,13166,,
0,0,,0.991427,0.008573,,14141,,
0,0,,0.992234,0.007766,,14385,,
1,1,,0.006961,0.993039,,15604,,
1,1,,0.006989,0.993011,,14141,,
1,1,,0.006976,0.993024,,15604,,
1,1,,0.022588,0.977412,,14872,,
0,0,,0.989913,0.010087,,16335,,
1,1,,0.006956,0.993044,,16579,,
1,1,,0.072767,0.927233,,16092,,
1,1,,0.006968,0.993032,,26576,,
0,0,,0.993042,0.006958,,18286,,
1,1,,0.007019,0.992981,,19992,,
1,1,,0.006955,0.993045,,20724,,
0,0,,0.988101,0.011899,,24868,,
0,0,,0.993062,0.006938,,21699,,
1,1,,0.03174,0.96826,,28282,,
1,1,,0.006984,0.993016,,28038,,
1,1,,0.006956,0.993044,,25356,,
0,0,,0.992882,0.007118,,25356,,
0,0,,0.991189,0.008811,,22430,,
1,1,,0.007129,0.992871,,22187,,
1,1,,0.007514,0.992486,,20480,,
0,0,,0.992846,0.007154,,25356,,
0,0,,0.941286,0.058714,,18042,,
0,0,,0.992655,0.007345,,14141,,
0,0,,0.982316,0.017684,,13897,,
0,0,,0.989602,0.010398,,15116,,
0,0,,0.985511,0.014489,,24869,,
0,0,,0.988968,0.011032,,20967,,
0,0,,0.99259,0.00741,,22675,,
0,0,,0.993119,0.006881,,28526,,
0,0,,0.992491,0.007509,,29013,,
1,1,,0.00724,0.99276,,27063,,
0,0,,0.992715,0.007285,,19261,,
1,1,,0.008882,0.991118,,25356,,
1,1,,0.006972,0.993028,,22918,,
1,1,,0.006955,0.993045,,17554,,
0,0,,0.993219,0.006781,,15603,,
0,0,,0.686533,0.313467,,16579,,
0,0,,0.993053,0.006947,,13653,,
1,1,,0.011498,0.988502,,15360,,
1,1,,0.007215,0.992785,,14141,,
1,1,,0.082164,0.917836,,12922,,
1,1,,0.007135,0.992865,,12678,,
1,1,,0.007241,0.992759,,15361,,
0,0,,0.991907,0.008093,,15116,,
0,0,,0.988464,0.011536,,15604,,
1,1,,0.012021,0.987979,,15116,,
0,0,,0.991235,0.008765,,14141,,
1,1,,0.006956,0.993044,,14385,,
1,1,,0.007513,0.992487,,14629,,
0,0,,0.991497,0.008503,,12922,,
0,0,,0.991861,0.008139,,14384,,
0,0,,0.970254,0.029746,,14141,,
0,0,,0.992747,0.007253,,12678,,
0,0,,0.988054,0.011946,,14385,,
1,1,,0.010057,0.989943,,14629,,
1,1,,0.007527,0.992473,,12678,,
1,1,,0.020577,0.979423,,16822,,
1,1,,0.007467,0.992533,,13166,,
0,0,,0.975662,0.024338,,14141,,
0,0,,0.99317,0.00683,,15116,,
1,1,,0.008958,0.991042,,15116,,
1,1,,0.008347,0.991653,,13897,,
1,1,,0.007242,0.992758,,13165,,
1,1,,0.258185,0.741815,,15604,,
1,1,,0.20118,0.79882,,13166,,
0,0,,0.992687,0.007313,,13410,,
1,1,,0.007966,0.992034,,14872,,
0,1,,0.434783,0.565217,,17310,,
1,1,,0.007013,0.992987,,13654,,
1,1,,0.006971,0.993029,,16092,,
0,0,,0.862327,0.137673,,15360,,
1,1,,0.007075,0.992925,,14873,,
0,0,,0.515063,0.484937,,14628,,
1,1,,0.007359,0.992641,,14629,,
1,1,,0.012644,0.987356,,13898,,
1,1,,0.007165,0.992835,,14629,,
0,0,,0.9918,0.0082,,12678,,
0,0,,0.974184,0.025816,,14872,,
1,1,,0.00699,0.99301,,15360,,
0,0,,0.993082,0.006918,,16091,,
1,1,,0.007777,0.992223,,13653,,
1,1,,0.010115,0.989885,,14872,,
0,0,,0.99315,0.00685,,12922,,
0,0,,0.993145,0.006855,,14629,,
0,0,,0.978495,0.021505,,14384,,
0,0,,0.992474,0.007526,,13410,,
0,0,,0.992387,0.007613,,14385,,
0,0,,0.993171,0.006829,,15848,,
1,1,,0.022478,0.977522,,15604,,
1,1,,0.20238,0.79762,,16091,,
0,0,,0.991388,0.008612,,13165,,
1,1,,0.006956,0.993044,,16091,,
1,1,,0.007287,0.992713,,16823,,
0,0,,0.988715,0.011285,,12922,,
1,1,,0.035052,0.964948,,15603,,
1,1,,0.013168,0.986832,,12678,,
1,1,,0.426741,0.573259,,17310,,
0,1,,0.006993,0.993007,,14141,,
1,1,,0.013954,0.986046,,13410,,
0,0,,0.991869,0.008131,,12922,,
1,1,,0.007995,0.992005,,21211,,
0,0,,0.992989,0.007011,,19504,,
0,0,,0.991478,0.008522,,21212,,
1,1,,0.006974,0.993026,,19018,,
0,0,,0.99317,0.00683,,16336,,
0,0,,0.927917,0.072083,,16092,,
1,1,,0.006954,0.993046,,16091,,
1,1,,0.007199,0.992801,,27063,,
1,1,,0.010094,0.989906,,15847,,
1,1,,0.007102,0.992898,,14629,,
1,1,,0.195807,0.804193,,14872,,
0,0,,0.98873,0.01127,,13897,,
0,0,,0.973327,0.026673,,15603,,
1,1,,0.013262,0.986738,,15116,,
0,0,,0.992724,0.007276,,14385,,
1,1,,0.013175,0.986825,,15116,,
1,1,,0.02493,0.97507,,15116,,
0,0,,0.803088,0.196912,,15360,,
0,0,,0.992553,0.007447,,14141,,
1,1,,0.006954,0.993046,,17067,,
1,1,,0.006962,0.993038,,14872,,
0,0,,0.992398,0.007602,,16091,,
0,0,,0.992212,0.007788,,13653,,
0,0,,0.991925,0.008075,,12922,,
1,1,,0.007091,0.992909,,14872,,
0,0,,0.964078,0.035922,,14141,,
1,1,,0.008104,0.991896,,17067,,
1,1,,0.007276,0.992724,,15604,,
1,0,,0.866467,0.133533,,14141,,
1,1,,0.02359,0.97641,,16091,,
0,0,,0.987662,0.012338,,15116,,
1,1,,0.007086,0.992914,,153844,,
1,1,,0.010465,0.989535,,22431,,
1,1,,0.188029,0.811971,,28038,,
0,0,,0.992402,0.007598,,100450,,
1,1,,0.177628,0.822372,,28282,,
1,0,,0.780948,0.219052,,47543,,
0,1,,0.428358,0.571642,,31451,,
1,1,,0.006996,0.993004,,24137,,
1,1,,0.006981,0.993019,,19261,,
0,0,,0.988989,0.011011,,14629,,
1,1,,0.00697,0.99303,,13409,,
0,1,,0.200422,0.799578,,14873,,
0,0,,0.993094,0.006906,,12191,,
1,1,,0.028521,0.971479,,14384,,
0,0,,0.888782,0.111218,,18286,,
0,0,,0.976272,0.023728,,22918,,
0,0,,0.860191,0.139809,,15847,,
0,0,,0.993057,0.006943,,12922,,
0,0,,0.99275,0.00725,,12922,,
0,0,,0.9925,0.0075,,16091,,
0,0,,0.991829,0.008171,,15604,,
0,0,,0.968373,0.031627,,18773,,
0,0,,0.991708,0.008292,,26575,,
1,1,,0.007033,0.992967,,56807,,
0,0,,0.992958,0.007042,,24137,,
0,0,,0.993131,0.006869,,23649,,
0,0,,0.993006,0.006994,,22674,,
0,0,,0.992679,0.007321,,20724,,
0,0,,0.991608,0.008392,,17066,,
1,1,,0.00812,0.99188,,16579,,
1,1,,0.007028,0.992972,,20236,,
1,1,,0.072405,0.927595,,17554,,
1,1,,0.007034,0.992966,,13166,,
1,1,,0.007654,0.992346,,13165,,
1,1,,0.006955,0.993045,,16092,,
0,0,,0.992777,0.007223,,13410,,
0,0,,0.987014,0.012986,,12922,,
1,1,,0.006975,0.993025,,13410,,
0,0,,0.993099,0.006901,,12190,,
0,0,,0.993059,0.006941,,15604,,
1,1,,0.011088,0.988912,,25357,,
0,0,,0.928073,0.071927,,16092,,
0,0,,0.993187,0.006813,,14384,,
1,1,,0.013286,0.986714,,53395,,
1,1,,0.009632,0.990368,,59977,,
0,0,,0.992958,0.007042,,86552,,
1,1,,0.010222,0.989778,,26819,,
0,0,,0.993188,0.006812,,28525,,
0,0,,0.989563,0.010437,,23406,,
0,0,,0.993194,0.006806,,26331,,
0,0,,0.993151,0.006849,,20967,,
1,1,,0.006972,0.993028,,35840,,
0,0,,0.993072,0.006928,,30232,,
0,0,,0.992206,0.007794,,22674,,
1,1,,0.059481,0.940519,,23162,,
1,1,,0.008461,0.991539,,24381,,
0,0,,0.992738,0.007262,,21455,,
0,0,,0.993015,0.006985,,19017,,
0,0,,0.992813,0.007187,,19505,,
1,1,,0.007891,0.992109,,21943,,
0,0,,0.989956,0.010044,,21455,,
1,1,,0.007126,0.992874,,24625,,
0,0,,0.992635,0.007365,,24138,,
1,1,,0.007722,0.992278,,24381,,
1,1,,0.008039,0.991961,,23162,,
1,1,,0.007538,0.992462,,15360,,
1,1,,0.008554,0.991446,,12678,,
0,0,,0.992719,0.007281,,15116,,
0,0,,0.993216,0.006784,,39984,,
1,1,,0.038812,0.961188,,25356,,
0,0,,0.982415,0.017585,,19261,,
1,0,,0.745568,0.254432,,22674,,
1,1,,0.006966,0.993034,,18286,,
0,0,,0.779411,0.220589,,15117,,
1,1,,0.006955,0.993045,,14873,,
1,1,,0.007207,0.992793,,13165,,
0,0,,0.991944,0.008056,,12678,,
1,1,,0.006967,0.993033,,15848,,
0,0,,0.989338,0.010662,,12679,,
1,1,,0.016091,0.983909,,13897,,
0,0,,0.992022,0.007978,,16823,,
1,1,,0.010693,0.989307,,13166,,
0,0,,0.992792,0.007208,,15847,,
0,0,,0.993029,0.006971,,15848,,
0,0,,0.993059,0.006941,,12678,,
0,0,,0.993017,0.006983,,12191,,
1,1,,0.318799,0.681201,,15116,,
1,1,,0.007894,0.992106,,12190,,
0,1,,0.169271,0.830729,,14385,,
0,0,,0.992333,0.007667,,14141,,
0,0,,0.993083,0.006917,,11947,,
1,1,,0.007102,0.992898,,13653,,
1,1,,0.006987,0.993013,,15604,,
0,0,,0.960991,0.039009,,12922,,
1,1,,0.007519,0.992481,,14385,,
0,0,,0.991222,0.008778,,12434,,
1,1,,0.011482,0.988518,,14628,,
1,1,,0.006991,0.993009,,14872,,
1,1,,0.007145,0.992855,,15116,,
1,1,,0.00702,0.99298,,12191,,
1,1,,0.481858,0.518142,,17066,,
1,1,,0.010447,0.989553,,14385,,
1,1,,0.006989,0.993011,,13410,,
1,1,,0.007387,0.992613,,14141,,
0,0,,0.992696,0.007304,,15848,,
1,1,,0.016994,0.983006,,14628,,
1,1,,0.01161,0.98839,,13897,,
1,1,,0.009997,0.990003,,14141,,
1,1,,0.007046,0.992954,,14141,,
0,0,,0.969165,0.030835,,13653,,
1,1,,0.006958,0.993042,,12190,,
0,0,,0.992565,0.007435,,12190,,
1,1,,0.007542,0.992458,,12922,,
0,0,,0.993131,0.006869,,15116,,
1,0,,0.79583,0.20417,,13654,,
0,0,,0.993062,0.006938,,14873,,
0,0,,0.993219,0.006781,,15603,,
1,1,,0.072,0.928,,14873,,
1,1,,0.008276,0.991724,,12435,,
0,0,,0.986625,0.013375,,12435,,
1,1,,0.007814,0.992186,,15360,,
1,1,,0.017216,0.982784,,13898,,
0,0,,0.992901,0.007099,,13166,,
1,1,,0.010299,0.989701,,13409,,
0,0,,0.992743,0.007257,,13653,,
1,1,,0.072278,0.927722,,12191,,
0,0,,0.991944,0.008056,,13409,,
0,0,,0.992808,0.007192,,14629,,
0,0,,0.98475,0.01525,,12922,,
1,1,,0.025819,0.974181,,14385,,
1,1,,0.007022,0.992978,,12922,,
0,0,,0.846621,0.153379,,15360,,
1,1,,0.006974,0.993026,,12190,,
0,0,,0.992723,0.007277,,14873,,
1,1,,0.006961,0.993039,,11703,,
0,0,,0.992563,0.007437,,12678,,
0,0,,0.973271,0.026729,,13166,,
0,0,,0.992816,0.007184,,12679,,
0,0,,0.993096,0.006904,,13897,,
1,1,,0.008965,0.991035,,15116,,
1,1,,0.006962,0.993038,,14628,,
0,0,,0.991404,0.008596,,13166,,
0,0,,0.992751,0.007249,,12922,,
0,0,,0.982908,0.017092,,12434,,
0,0,,0.992147,0.007853,,13166,,
1,1,,0.010125,0.989875,,13165,,
0,0,,0.992487,0.007513,,11947,,
0,0,,0.992608,0.007392,,53394,,
1,1,,0.016531,0.983469,,14628,,
1,1,,0.006963,0.993037,,16335,,
1,1,,0.006966,0.993034,,13897,,
0,0,,0.99313,0.00687,,14629,,
0,0,,0.992002,0.007998,,12922,,
1,1,,0.007899,0.992101,,13410,,
0,0,,0.993184,0.006816,,15360,,
0,0,,0.992894,0.007106,,13410,,
0,0,,0.987068,0.012932,,12434,,
1,1,,0.006972,0.993028,,14385,,
0,0,,0.992644,0.007356,,13897,,
1,1,,0.323821,0.676179,,14873,,
1,1,,0.009124,0.990876,,14140,,
1,1,,0.011103,0.988897,,14141,,
1,1,,0.00699,0.99301,,12678,,
1,1,,0.007042,0.992958,,13653,,
0,0,,0.966231,0.033769,,13654,,
0,0,,0.989132,0.010868,,13166,,
0,0,,0.862369,0.137631,,16092,,
0,0,,0.992904,0.007096,,12678,,
0,0,,0.989652,0.010348,,259414,,
1,1,,0.007421,0.992579,,147505,,
0,0,,0.992444,0.007556,,27306,,
0,0,,0.992768,0.007232,,19993,,
1,1,,0.009323,0.990677,,19260,,
1,1,,0.006957,0.993043,,26819,,
0,0,,0.96951,0.03049,,23650,,
0,0,,0.988804,0.011196,,19260,,
0,0,,0.99284,0.00716,,19505,,
1,1,,0.07967,0.92033,,19992,,
1,1,,0.01077,0.98923,,13653,,
0,0,,0.992636,0.007364,,12434,,
1,1,,0.006956,0.993044,,14873,,
0,0,,0.992123,0.007877,,12922,,
1,1,,0.007414,0.992586,,16335,,
1,1,,0.142841,0.857159,,17067,,
0,0,,0.992461,0.007539,,12922,,
0,0,,0.993011,0.006989,,12191,,
0,0,,0.992947,0.007053,,14384,,
1,1,,0.007155,0.992845,,12678,,
0,0,,0.96153,0.03847,,12434,,
0,0,,0.992899,0.007101,,12190,,
0,1,,0.137476,0.862524,,14385,,
1,1,,0.044709,0.955291,,14872,,
0,0,,0.992462,0.007538,,12434,,
0,0,,0.992592,0.007408,,12435,,
0,0,,0.951317,0.048683,,12922,,
0,0,,0.993073,0.006927,,14141,,
1,1,,0.019138,0.980862,,15116,,
0,0,,0.993012,0.006988,,14628,,
0,0,,0.636684,0.363316,,14873,,
1,1,,0.007361,0.992639,,12922,,
0,0,,0.96776,0.03224,,14141,,
0,0,,0.993186,0.006814,,12922,,
1,1,,0.007004,0.992996,,14628,,
1,1,,0.006958,0.993042,,13897,,
1,1,,0.006998,0.993002,,13410,,
0,0,,0.989456,0.010544,,14628,,
1,1,,0.007422,0.992578,,24869,,
0,0,,0.934884,0.065116,,23894,,
0,0,,0.968992,0.031008,,21211,,
0,0,,0.986601,0.013399,,18529,,
1,1,,0.007092,0.992908,,20968,,
0,0,,0.981552,0.018448,,231376,,
1,1,,0.007341,0.992659,,20236,,
0,0,,0.991876,0.008124,,14628,,
0,0,,0.983939,0.016061,,23162,,
1,1,,0.010234,0.989766,,25844,,
0,0,,0.993213,0.006787,,24869,,
0,0,,0.80466,0.19534,,48762,,
1,1,,0.193089,0.806911,,21456,,
0,0,,0.993192,0.006808,,26575,,
1,1,,0.022613,0.977387,,22918,,
0,0,,0.993177,0.006823,,21699,,
0,0,,0.9929,0.0071,,24381,,
0,0,,0.930235,0.069765,,20967,,
0,0,,0.990352,0.009648,,26819,,
0,0,,0.993135,0.006865,,18286,,
0,0,,0.992941,0.007059,,21943,,
1,1,,0.025374,0.974626,,18286,,
0,0,,0.986687,0.013313,,15116,,
0,0,,0.959865,0.040135,,15847,,
1,1,,0.007054,0.992946,,13410,,
1,1,,0.008331,0.991669,,14385,,
1,1,,0.007008,0.992992,,14385,,
0,0,,0.992915,0.007085,,12678,,
0,0,,0.991656,0.008344,,13166,,
1,1,,0.006955,0.993045,,14628,,
0,0,,0.991295,0.008705,,12922,,
0,0,,0.992235,0.007765,,17311,,
0,0,,0.991161,0.008839,,14629,,
1,1,,0.007051,0.992949,,16579,,
0,0,,0.991336,0.008664,,13166,,
0,0,,0.800612,0.199388,,14872,,
0,0,,0.99185,0.00815,,14385,,
0,0,,0.993037,0.006963,,12190,,
1,1,,0.006959,0.993041,,14629,,
1,1,,0.006969,0.993031,,12678,,
0,0,,0.867738,0.132262,,14141,,
0,0,,0.95477,0.04523,,13166,,
1,1,,0.006971,0.993029,,15360,,
1,0,,0.917622,0.082378,,13165,,
1,1,,0.194728,0.805272,,14385,,
0,0,,0.988971,0.011029,,12922,,
1,1,,0.006961,0.993039,,15604,,
1,1,,0.006954,0.993046,,18529,,
1,1,,0.007354,0.992646,,17798,,
0,0,,0.992032,0.007968,,11947,,
1,1,,0.006986,0.993014,,11946,,
0,0,,0.990035,0.009965,,12922,,
1,1,,0.007009,0.992991,,14629,,
1,1,,0.006957,0.993043,,15848,,
1,1,,0.014536,0.985464,,14872,,
1,1,,0.006957,0.993043,,12678,,
0,0,,0.992708,0.007292,,12190,,
0,0,,0.990366,0.009634,,20480,,
1,1,,0.44488,0.55512,,17310,,
0,0,,0.993195,0.006805,,14629,,
1,1,,0.013078,0.986922,,14384,,
0,0,,0.992309,0.007691,,12434,,
1,1,,0.006959,0.993041,,16092,,
0,0,,0.924732,0.075268,,14385,,
0,0,,0.992924,0.007076,,12678,,
0,0,,0.990195,0.009805,,12678,,
0,0,,0.975471,0.024529,,13409,,
1,1,,0.007006,0.992994,,14141,,
1,1,,0.006955,0.993045,,13410,,
1,1,,0.249147,0.750853,,14141,,
1,1,,0.006954,0.993046,,16579,,
1,1,,0.008422,0.991578,,18529,,
0,0,,0.982117,0.017883,,15360,,
0,0,,0.955575,0.044425,,14629,,
1,1,,0.007296,0.992704,,12434,,
1,1,,0.21173,0.78827,,14384,,
0,0,,0.992467,0.007533,,12922,,
1,1,,0.006991,0.993009,,14872,,
1,1,,0.007185,0.992815,,26088,,
0,0,,0.993051,0.006949,,16823,,
1,1,,0.006962,0.993038,,13653,,
0,0,,0.991517,0.008483,,12922,,
0,0,,0.993217,0.006783,,15116,,
0,0,,0.993043,0.006957,,12434,,
0,0,,0.967047,0.032953,,13897,,
0,0,,0.991561,0.008439,,11947,,
0,0,,0.992723,0.007277,,12678,,
0,0,,0.856612,0.143388,,18286,,
0,0,,0.993044,0.006956,,19992,,
0,0,,0.66264,0.33736,,22918,,
1,1,,0.084006,0.915994,,76312,,
1,1,,0.222834,0.777166,,25844,,
0,0,,0.989733,0.010267,,22674,,
1,1,,0.193921,0.806079,,25356,,
0,0,,0.992675,0.007325,,20967,,
1,1,,0.08198,0.91802,,25356,,
1,1,,0.049716,0.950284,,22674,,
0,0,,0.865574,0.134426,,23894,,
0,0,,0.975182,0.024818,,21943,,
0,0,,0.917877,0.082123,,24137,,
0,0,,0.99309,0.00691,,27063,,
1,1,,0.006957,0.993043,,27063,,
1,1,,0.00719,0.99281,,25844,,
0,0,,0.986118,0.013882,,26819,,
0,0,,0.968734,0.031266,,30720,,
0,0,,0.991466,0.008534,,23893,,
1,1,,0.006956,0.993044,,17798,,
0,0,,0.993041,0.006959,,13409,,
1,1,,0.007218,0.992782,,12678,,
0,0,,0.993147,0.006853,,14384,,
1,1,,0.006979,0.993021,,15117,,
1,1,,0.008232,0.991768,,12679,,
0,0,,0.837229,0.162771,,15604,,
1,1,,0.008544,0.991456,,16579,,
1,1,,0.00839,0.99161,,14628,,
1,1,,0.007104,0.992896,,14629,,
1,1,,0.007305,0.992695,,403504,,
0,0,,0.993133,0.006867,,228937,,
0,0,,0.982537,0.017463,,25356,,
0,0,,0.798934,0.201066,,28038,,
1,1,,0.00734,0.99266,,22918,,
0,0,,0.987038,0.012962,,24381,,
0,0,,0.851724,0.148276,,24137,,
0,0,,0.993138,0.006862,,24624,,
0,0,,0.985295,0.014705,,23406,,
1,1,,0.00707,0.99293,,44373,,
0,0,,0.983662,0.016338,,21455,,
1,1,,0.345327,0.654673,,24624,,
1,1,,0.033625,0.966375,,25113,,
0,0,,0.993117,0.006883,,23162,,
0,0,,0.980318,0.019682,,25356,,
1,1,,0.008043,0.991957,,21211,,
0,0,,0.807521,0.192479,,24625,,
0,0,,0.993095,0.006905,,36084,,
1,1,,0.006972,0.993028,,26332,,
1,1,,0.007259,0.992741,,23650,,
1,1,,0.072181,0.927819,,19748,,
0,0,,0.833046,0.166954,,23162,,
0,0,,0.992532,0.007468,,25112,,
1,1,,0.006956,0.993044,,19017,,
1,1,,0.077956,0.922044,,27307,,
1,1,,0.007292,0.992708,,37303,,
1,1,,0.00759,0.99241,,26819,,
1,1,,0.012532,0.987468,,216015,,
0,0,,0.992716,0.007284,,130194,,
1,1,,0.006963,0.993037,,42423,,
0,1,,0.072869,0.927131,,98011,,
0,0,,0.993078,0.006922,,22430,,
1,1,,0.007436,0.992564,,18530,,
0,0,,0.971707,0.028293,,20237,,
1,1,,0.007037,0.992963,,55589,,
1,0,,0.605144,0.394856,,101912,,
0,0,,0.988611,0.011389,,62171,,
0,0,,0.992075,0.007925,,27551,,
1,1,,0.07528,0.92472,,30720,,
0,0,,0.992693,0.007307,,24137,,
0,0,,0.986148,0.013852,,23650,,
0,0,,0.993041,0.006959,,25357,,
0,0,,0.987238,0.012762,,23893,,
0,0,,0.991179,0.008821,,23649,,
1,1,,0.103078,0.896922,,25112,,
1,1,,0.006986,0.993014,,20236,,
1,1,,0.006965,0.993035,,30720,,
1,1,,0.006957,0.993043,,24625,,
0,0,,0.652689,0.347311,,24381,,
0,0,,0.992659,0.007341,,23162,,
0,0,,0.993197,0.006803,,26087,,
1,1,,0.008548,0.991452,,25112,,
1,1,,0.007004,0.992996,,25113,,
0,0,,0.989707,0.010293,,27551,,
1,1,,0.006956,0.993044,,26575,,
1,1,,0.009985,0.990015,,26087,,
1,1,,0.008289,0.991711,,25844,,
0,0,,0.992874,0.007126,,22675,,
1,1,,0.007136,0.992864,,22674,,
0,0,,0.62538,0.37462,,26575,,
0,0,,0.993215,0.006785,,29988,,
0,0,,0.99222,0.00778,,21699,,
0,0,,0.992963,0.007037,,28282,,
0,0,,0.982136,0.017864,,22675,,
1,1,,0.007054,0.992946,,30232,,
1,1,,0.007181,0.992819,,27063,,
0,0,,0.98429,0.01571,,24625,,
1,1,,0.008726,0.991274,,23649,,
1,1,,0.007738,0.992262,,22187,,
1,1,,0.007346,0.992654,,22431,,
1,1,,0.007155,0.992845,,21211,,
0,0,,0.993012,0.006988,,27794,,
0,0,,0.993216,0.006784,,26575,,
0,0,,0.962816,0.037184,,25112,,
1,1,,0.006988,0.993012,,25600,,
1,0,,0.976264,0.023736,,25356,,
0,0,,0.711701,0.288299,,23406,,
0,0,,0.971685,0.028315,,24625,,
1,1,,0.023039,0.976961,,21455,,
1,1,,0.007213,0.992787,,21943,,
0,0,,0.859817,0.140183,,27550,,
0,0,,0.992262,0.007738,,21943,,
0,0,,0.98091,0.01909,,25113,,
1,1,,0.075739,0.924261,,21699,,
1,1,,0.016361,0.983639,,25113,,
0,0,,0.931007,0.068993,,24624,,
0,0,,0.992807,0.007193,,22674,,
1,1,,0.006984,0.993016,,25600,,
0,0,,0.969273,0.030727,,24137,,
1,1,,0.007935,0.992065,,23162,,
1,1,,0.007608,0.992392,,21943,,
1,1,,0.007005,0.992995,,25844,,
0,0,,0.986372,0.013628,,23405,,
1,1,,0.006959,0.993041,,24625,,
1,1,,0.241176,0.758824,,18285,,
0,0,,0.672141,0.327859,,15604,,
0,0,,0.992167,0.007833,,12678,,
0,0,,0.992634,0.007366,,16579,,
1,0,,0.732986,0.267014,,17798,,
1,1,,0.006958,0.993042,,13166,,
0,0,,0.976789,0.023211,,13653,,
0,0,,0.99289,0.00711,,174324,,
1,1,,0.01507,0.98493,,24625,,
1,1,,0.007151,0.992849,,118979,,
0,0,,0.991762,0.008238,,78750,,
1,1,,0.218936,0.781064,,51200,,
0,0,,0.992798,0.007202,,22919,,
0,0,,0.992111,0.007889,,27551,,
1,1,,0.008031,0.991969,,23649,,
0,0,,0.993211,0.006789,,23649,,
1,1,,0.007062,0.992938,,25356,,
1,1,,0.00697,0.99303,,51688,,
1,1,,0.01041,0.98959,,29745,,
1,1,,0.128663,0.871337,,25356,,
1,1,,0.006954,0.993046,,50468,,
1,1,,0.229897,0.770103,,26332,,
1,1,,0.006974,0.993026,,50957,,
0,0,,0.987688,0.012312,,24381,,
1,1,,0.007777,0.992223,,21943,,
1,1,,0.007093,0.992907,,23893,,
0,0,,0.993115,0.006885,,23649,,
0,0,,0.849624,0.150376,,28038,,
1,1,,0.093783,0.906217,,25356,,
1,1,,0.007457,0.992543,,21699,,
0,0,,0.938604,0.061396,,23649,,
1,1,,0.263428,0.736572,,57783,,
0,0,,0.987913,0.012087,,21455,,
1,1,,0.072973,0.927027,,86552,,
0,0,,0.991821,0.008179,,30233,,
1,1,,0.00774,0.99226,,22187,,
1,1,,0.072536,0.927464,,51687,,
0,0,,0.968972,0.031028,,24625,,
1,1,,0.192563,0.807437,,21211,,
0,0,,0.991833,0.008167,,52663,,
1,1,,0.008913,0.991087,,39253,,
0,0,,0.993166,0.006834,,70217,,
0,0,,0.978874,0.021126,,61684,,
1,1,,0.007453,0.992547,,22918,,
1,1,,0.006962,0.993038,,25356,,
0,0,,0.989206,0.010794,,21699,,
0,0,,0.988046,0.011954,,38522,,
0,0,,0.992858,0.007142,,24624,,
1,1,,0.010553,0.989447,,48518,,
0,0,,0.981453,0.018547,,26088,,
0,0,,0.895304,0.104696,,23893,,
1,1,,0.226803,0.773197,,25357,,
0,0,,0.993215,0.006785,,24869,,
0,1,,0.038406,0.961594,,26331,,
0,0,,0.989871,0.010129,,24137,,
0,0,,0.992886,0.007114,,47299,,
1,1,,0.00721,0.99279,,28038,,
1,0,,0.858559,0.141441,,25600,,
0,0,,0.992498,0.007502,,26819,,
1,1,,0.006955,0.993045,,54857,,
0,1,,0.03879,0.96121,,25844,,
0,0,,0.989483,0.010517,,43155,,
1,1,,0.006967,0.993033,,26576,,
0,0,,0.992788,0.007212,,22431,,
0,0,,0.992489,0.007511,,24624,,
0,0,,0.992974,0.007026,,26088,,
1,1,,0.437669,0.562331,,25113,,
1,1,,0.015206,0.984794,,23650,,
1,1,,0.00703,0.99297,,60221,,
0,0,,0.992915,0.007085,,18042,,
0,0,,0.905521,0.094479,,14872,,
0,0,,0.991963,0.008037,,12922,,
1,1,,0.00697,0.99303,,18042,,
0,0,,0.985267,0.014733,,13654,,
0,1,,0.072253,0.927747,,14873,,
1,1,,0.007322,0.992678,,15360,,
1,1,,0.009758,0.990242,,32915,,
1,1,,0.198468,0.801532,,14385,,
1,1,,0.35922,0.64078,,14872,,
0,0,,0.99285,0.00715,,12434,,
0,0,,0.948264,0.051736,,13410,,
0,0,,0.990467,0.009533,,13409,,
0,0,,0.992781,0.007219,,15360,,
0,0,,0.992511,0.007489,,30720,,
0,0,,0.992723,0.007277,,13653,,
0,0,,0.99277,0.00723,,13166,,
1,1,,0.006954,0.993046,,15604,,
1,1,,0.013739,0.986261,,15116,,
0,0,,0.991232,0.008768,,13166,,
1,1,,0.259939,0.740061,,16579,,
1,1,,0.007207,0.992793,,36328,,
0,0,,0.993207,0.006793,,15360,,
1,1,,0.008603,0.991397,,14629,,
1,1,,0.010827,0.989173,,14872,,
0,0,,0.798065,0.201935,,14385,,
1,1,,0.007019,0.992981,,13897,,
0,0,,0.992777,0.007223,,14141,,
1,0,,0.989251,0.010749,,13653,,
1,1,,0.007119,0.992881,,13410,,
1,1,,0.045997,0.954003,,14629,,
0,0,,0.963527,0.036473,,14385,,
0,0,,0.993041,0.006959,,29745,,
0,0,,0.982418,0.017582,,36327,,
0,0,,0.97362,0.02638,,99718,,
1,1,,0.006955,0.993045,,29013,,
0,1,,0.434892,0.565108,,28526,,
0,0,,0.993004,0.006996,,23650,,
1,1,,0.381535,0.618465,,27794,,
0,0,,0.993087,0.006913,,25600,,
0,0,,0.984788,0.015212,,22431,,
0,1,,0.469429,0.530571,,24624,,
0,0,,0.992836,0.007164,,23162,,
1,1,,0.007094,0.992906,,26087,,
0,0,,0.988398,0.011602,,25112,,
1,1,,0.006973,0.993027,,27307,,
1,1,,0.00742,0.99258,,22674,,
0,0,,0.986282,0.013718,,21942,,
0,0,,0.992349,0.007651,,22675,,
0,0,,0.992693,0.007307,,24625,,
0,0,,0.993175,0.006825,,28525,,
0,0,,0.992953,0.007047,,25357,,
0,0,,0.973461,0.026539,,35353,,
0,0,,0.99034,0.00966,,51688,,
1,1,,0.25794,0.74206,,24624,,
1,1,,0.018485,0.981515,,49981,,
0,0,,0.981661,0.018339,,45836,,
0,0,,0.991666,0.008334,,18773,,
0,0,,0.990649,0.009351,,31451,,
1,1,,0.006958,0.993042,,158964,,
0,0,,0.983319,0.016681,,26819,,
1,1,,0.008201,0.991799,,24381,,
0,0,,0.9925,0.0075,,35108,,
0,0,,0.992978,0.007022,,21699,,
0,0,,0.993001,0.006999,,23405,,
0,0,,0.988291,0.011709,,14141,,
1,1,,0.006954,0.993046,,15848,,
0,0,,0.992886,0.007114,,12679,,
1,1,,0.007067,0.992933,,14873,,
0,0,,0.989961,0.010039,,13165,,
1,1,,0.017496,0.982504,,14629,,
1,1,,0.007039,0.992961,,13166,,
0,0,,0.977102,0.022898,,17798,,
1,1,,0.007062,0.992938,,15848,,
0,0,,0.99005,0.00995,,14140,,
1,1,,0.006973,0.993027,,21943,,
1,1,,0.006955,0.993045,,22187,,
0,0,,0.990944,0.009056,,23162,,
0,0,,0.991196,0.008804,,25113,,
0,0,,0.992746,0.007254,,21943,,
0,0,,0.992957,0.007043,,23649,,
0,0,,0.99275,0.00725,,21943,,
0,1,,0.023504,0.976496,,23893,,
0,0,,0.991747,0.008253,,22918,,
1,1,,0.062336,0.937664,,25844,,
0,0,,0.993196,0.006804,,25113,,
1,1,,0.007001,0.992999,,23893,,
1,1,,0.006955,0.993045,,46080,,
1,1,,0.007154,0.992846,,26576,,
0,0,,0.980733,0.019267,,41935,,
1,1,,0.281308,0.718692,,31939,,
1,1,,0.193747,0.806253,,30476,,
0,0,,0.978878,0.021122,,25843,,
0,0,,0.992544,0.007456,,21212,,
0,0,,0.991889,0.008111,,19748,,
1,1,,0.006972,0.993028,,19748,,
1,1,,0.028986,0.971014,,197486,,
0,0,,0.992819,0.007181,,122880,,
1,1,,0.006955,0.993045,,27062,,
0,0,,0.80895,0.19105,,104107,,
1,1,,0.006962,0.993038,,27306,,
1,0,,0.912652,0.087348,,89234,,
0,0,,0.993218,0.006782,,27307,,
1,1,,0.008687,0.991313,,20481,,
1,1,,0.006959,0.993041,,19260,,
0,0,,0.987664,0.012336,,25600,,
0,0,,0.992498,0.007502,,21943,,
0,0,,0.9926,0.0074,,21211,,
1,1,,0.022712,0.977288,,23893,,
0,0,,0.992476,0.007524,,22187,,
1,1,,0.006958,0.993042,,17066,,
1,1,,0.021715,0.978285,,15116,,
1,1,,0.00699,0.99301,,14141,,
1,1,,0.076728,0.923272,,13166,,
0,0,,0.993203,0.006797,,14141,,
1,1,,0.006974,0.993026,,13654,,
1,1,,0.007035,0.992965,,13165,,
0,0,,0.992887,0.007113,,13410,,
0,0,,0.833063,0.166937,,14872,,
1,1,,0.00696,0.99304,,14873,,
1,1,,0.006957,0.993043,,16336,,
0,0,,0.992343,0.007657,,14629,,
0,0,,0.992642,0.007358,,13409,,
1,1,,0.00739,0.99261,,14141,,
0,0,,0.806031,0.193969,,14628,,
1,1,,0.007862,0.992138,,12679,,
1,1,,0.006955,0.993045,,14141,,
1,1,,0.006955,0.993045,,15848,,
1,1,,0.006958,0.993042,,13166,,
0,0,,0.80366,0.19634,,13897,,
1,1,,0.006957,0.993043,,11947,,
0,0,,0.9922,0.0078,,13654,,
1,1,,0.006966,0.993034,,14384,,
1,1,,0.007706,0.992294,,12434,,
1,1,,0.022203,0.977797,,14141,,
1,1,,0.223409,0.776591,,14385,,
0,0,,0.993194,0.006806,,15360,,
0,0,,0.992924,0.007076,,12678,,
1,1,,0.072096,0.927904,,15604,,
0,0,,0.989558,0.010442,,13409,,
1,1,,0.006987,0.993013,,14629,,
0,0,,0.992328,0.007672,,13654,,
1,1,,0.00716,0.99284,,14141,,
1,1,,0.006962,0.993038,,14141,,
0,0,,0.985235,0.014765,,12678,,
0,0,,0.992235,0.007765,,13166,,
1,1,,0.007005,0.992995,,13654,,
0,0,,0.993086,0.006914,,14873,,
0,0,,0.993138,0.006862,,13897,,
0,0,,0.956089,0.043911,,13165,,
1,1,,0.106705,0.893295,,17799,,
0,0,,0.993061,0.006939,,15360,,
1,1,,0.009104,0.990896,,15604,,
0,0,,0.922112,0.077888,,12922,,
1,1,,0.008042,0.991958,,12678,,
1,0,,0.651187,0.348813,,13897,,
1,1,,0.23982,0.76018,,14384,,
0,0,,0.972379,0.027621,,15116,,
1,1,,0.007235,0.992765,,14873,,
0,0,,0.993063,0.006937,,15117,,
1,1,,0.009113,0.990887,,13898,,
0,0,,0.907599,0.092401,,13654,,
0,0,,0.931889,0.068111,,15847,,
1,1,,0.007131,0.992869,,13166,,
0,0,,0.62314,0.37686,,15603,,
1,1,,0.008459,0.991541,,12434,,
0,0,,0.993066,0.006934,,14141,,
1,1,,0.009269,0.990731,,13166,,
1,1,,0.209581,0.790419,,14140,,
1,1,,0.008719,0.991281,,14141,,
1,0,,0.982757,0.017243,,14385,,
1,1,,0.006956,0.993044,,14628,,
0,0,,0.992371,0.007629,,13897,,
0,0,,0.882122,0.117878,,14629,,
1,1,,0.007196,0.992804,,12921,,
1,1,,0.006984,0.993016,,14385,,
0,0,,0.99291,0.00709,,14141,,
1,1,,0.01009,0.98991,,14141,,
1,1,,0.006955,0.993045,,13653,,
0,0,,0.993162,0.006838,,16335,,
0,0,,0.99254,0.00746,,16579,,
1,1,,0.007244,0.992756,,13654,,
1,0,,0.991322,0.008678,,13409,,
1,1,,0.006964,0.993036,,14628,,
0,0,,0.990054,0.009946,,13897,,
0,0,,0.921084,0.078916,,15360,,
1,1,,0.007007,0.992993,,13166,,
0,0,,0.992339,0.007661,,14872,,
1,1,,0.006984,0.993016,,15847,,
1,0,,0.560417,0.439583,,14873,,
0,0,,0.993088,0.006912,,12922,,
1,1,,0.006954,0.993046,,16092,,
1,1,,0.326763,0.673237,,18530,,
1,1,,0.012907,0.987093,,23406,,
0,0,,0.889102,0.110898,,21455,,
0,1,,0.089084,0.910916,,24137,,
1,1,,0.007149,0.992851,,20967,,
1,1,,0.007153,0.992847,,21455,,
1,1,,0.007069,0.992931,,24381,,
1,1,,0.007068,0.992932,,22187,,
0,0,,0.983758,0.016242,,21943,,
1,0,,0.98145,0.01855,,22430,,
0,0,,0.993074,0.006926,,22431,,
1,1,,0.00705,0.99295,,22187,,
0,0,,0.859607,0.140393,,26820,,
0,0,,0.99292,0.00708,,23894,,
0,0,,0.98656,0.01344,,24381,,
1,1,,0.006993,0.993007,,24625,,
1,1,,0.074092,0.925908,,23893,,
1,1,,0.006991,0.993009,,22674,,
0,0,,0.992708,0.007292,,23406,,
1,1,,0.008429,0.991571,,23894,,
1,1,,0.072149,0.927851,,26087,,
1,1,,0.006954,0.993046,,24381,,
1,1,,0.006984,0.993016,,21211,,
0,0,,0.990333,0.009667,,21456,,
1,1,,0.006955,0.993045,,474940,,
1,1,,0.007652,0.992348,,48274,,
0,0,,0.993012,0.006988,,28038,,
0,0,,0.992397,0.007603,,23162,,
0,0,,0.993023,0.006977,,41691,,
1,1,,0.006954,0.993046,,45836,,
1,1,,0.00716,0.99284,,23649,,
1,1,,0.006956,0.993044,,28282,,
0,0,,0.992179,0.007821,,46324,,
0,0,,0.99,0.01,,22675,,
1,1,,0.007119,0.992881,,20479,,
1,1,,0.00696,0.99304,,41692,,
1,1,,0.00916,0.99084,,27794,,
1,0,,0.991086,0.008914,,29988,,
1,1,,0.007903,0.992097,,24137,,
0,0,,0.992683,0.007317,,22430,,
1,1,,0.007007,0.992993,,364739,,
1,1,,0.006966,0.993034,,23162,,
0,0,,0.992062,0.007938,,20967,,
0,0,,0.987865,0.012135,,19749,,
0,0,,0.987017,0.012983,,21699,,
1,1,,0.006956,0.993044,,24381,,
1,1,,0.006987,0.993013,,27063,,
0,0,,0.983035,0.016965,,34865,,
1,1,,0.007217,0.992783,,69242,,
1,1,,0.008611,0.991389,,26331,,
0,0,,0.993116,0.006884,,26088,,
1,1,,0.006955,0.993045,,27062,,
1,1,,0.006955,0.993045,,28282,,
0,0,,0.992503,0.007497,,23162,,
1,1,,0.006979,0.993021,,23894,,
1,1,,0.387305,0.612695,,24869,,
0,0,,0.992174,0.007826,,25843,,
0,0,,0.991241,0.008759,,24137,,
0,0,,0.983904,0.016096,,24137,,
1,1,,0.007145,0.992855,,25113,,
0,0,,0.993182,0.006818,,28282,,
1,1,,0.006966,0.993034,,24869,,
0,0,,0.97633,0.02367,,27550,,
1,1,,0.161825,0.838175,,24381,,
1,1,,0.007006,0.992994,,20480,,
1,1,,0.00743,0.99257,,24869,,