ItalyPowerDemand,cRISE,train,0,NANOSECONDS,PREDICTIONS, Generated by BasicReproductionTests at 2019-10-01 13:36:04
timeseriesweka.classifiers.frequency_based.cRISE, 2019-10-01 13:36:04, 1569933364490
0.9533527696793003,476256850,6333126749,-1,-1,2,,-1,-1
1,1,,0.204,0.796,,25182601,,
1,1,,0.154,0.846,,35194884,,
1,1,,0.186,0.814,,12828771,,
1,1,,0.354,0.646,,21198510,,
1,1,,0.164,0.836,,24135196,,
0,0,,0.922,0.078,,21466212,,
1,1,,0.076,0.924,,10539400,,
1,1,,0.474,0.526,,10916573,,
1,1,,0.14,0.86,,9279879,,
1,1,,0.066,0.934,,13195704,,
1,1,,0.08,0.92,,10496246,,
1,1,,0.276,0.724,,13950051,,
1,1,,0.174,0.826,,9319864,,
0,0,,0.894,0.106,,14140467,,
0,0,,0.62,0.38,,7534934,,
1,1,,0.084,0.916,,7561997,,
0,0,,0.77,0.23,,8165182,,
0,0,,0.946,0.054,,9774325,,
0,0,,0.88,0.12,,12654447,,
1,1,,0.322,0.678,,9207712,,
0,1,,0.466,0.534,,10982888,,
0,0,,0.862,0.138,,12698333,,
1,1,,0.228,0.772,,12227049,,
0,0,,0.834,0.166,,11688717,,
1,1,,0.19,0.81,,11849876,,
0,0,,0.726,0.274,,13219110,,
0,0,,0.872,0.128,,16768733,,
0,0,,0.86,0.14,,9515887,,
1,1,,0.052,0.948,,15261259,,
0,0,,0.924,0.076,,7800687,,
0,0,,0.634,0.366,,13047712,,
0,0,,0.962,0.038,,9176260,,
0,0,,0.886,0.114,,10553540,,
1,1,,0.086,0.914,,9734096,,
1,1,,0.368,0.632,,8620130,,
0,0,,0.828,0.172,,7451063,,
1,1,,0.194,0.806,,8501396,,
0,0,,0.776,0.224,,7749974,,
1,1,,0.156,0.844,,13589701,,
0,1,,0.43,0.57,,9688017,,
1,1,,0.06,0.94,,13946150,,
1,1,,0.034,0.966,,7603932,,
1,1,,0.052,0.948,,6632595,,
1,1,,0.228,0.772,,7108755,,
0,0,,0.888,0.112,,7306972,,
1,1,,0.096,0.904,,8259536,,
1,1,,0.198,0.802,,11750646,,
0,0,,0.814,0.186,,7252116,,
1,1,,0.152,0.848,,6304915,,
0,0,,0.502,0.498,,8062538,,
1,1,,0.09,0.91,,6171551,,
1,1,,0.038,0.962,,10411155,,
1,1,,0.048,0.952,,7006598,,
1,1,,0.064,0.936,,7983543,,
0,0,,0.762,0.238,,8148115,,
1,1,,0.35,0.65,,5468648,,
1,1,,0.168,0.832,,4685288,,
1,1,,0.082,0.918,,4717959,,
1,1,,0.064,0.936,,6033799,,
1,1,,0.118,0.882,,5827536,,
1,1,,0.054,0.946,,5192656,,
1,1,,0.136,0.864,,4554606,,
1,1,,0.362,0.638,,6413167,,
1,1,,0.134,0.866,,6773761,,
0,0,,0.608,0.392,,7243582,,
1,1,,0.078,0.922,,8852968,,
1,1,,0.18,0.82,,6754743,,
0,0,,0.696,0.304,,4980297,,
1,1,,0.122,0.878,,5466454,,
1,1,,0.472,0.528,,6820328,,
1,1,,0.1,0.9,,6308572,,
1,1,,0.262,0.738,,5013944,,
1,0,,0.554,0.446,,8008412,,
0,0,,0.552,0.448,,8984138,,
0,0,,0.862,0.138,,7433753,,
1,1,,0.012,0.988,,9787735,,
0,0,,0.866,0.134,,4929585,,
1,1,,0.056,0.944,,5108541,,
0,0,,0.62,0.38,,8122759,,
0,0,,0.978,0.022,,7901136,,
0,0,,0.782,0.218,,5103422,,
1,1,,0.062,0.938,,8842729,,
1,1,,0.202,0.798,,7589791,,
1,0,,0.546,0.454,,4972496,,
1,1,,0.066,0.934,,6605288,,
1,1,,0.06,0.94,,9705815,,
1,1,,0.124,0.876,,5333091,,
0,0,,0.938,0.062,,5093913,,
1,1,,0.006,0.994,,10492101,,
1,1,,0.454,0.546,,4903985,,
1,1,,0.496,0.504,,5120244,,
0,0,,0.856,0.144,,9542706,,
0,0,,0.546,0.454,,5617616,,
0,0,,0.864,0.136,,6291505,,
1,1,,0.168,0.832,,7298195,,
0,0,,0.8,0.2,,6742797,,
1,1,,0.184,0.816,,7847011,,
0,0,,0.926,0.074,,8211019,,
0,0,,0.81,0.19,,8283186,,
0,0,,0.81,0.19,,6179353,,
1,0,,0.614,0.386,,5530820,,
1,1,,0.01,0.99,,7745829,,
0,0,,0.954,0.046,,5363322,,
1,1,,0.12,0.88,,4875216,,
0,0,,0.668,0.332,,7158248,,
1,1,,0.248,0.752,,6073053,,
0,0,,0.68,0.32,,5270431,,
0,0,,0.82,0.18,,4965425,,
1,1,,0.098,0.902,,8610378,,
0,0,,0.944,0.056,,5315780,,
0,0,,0.748,0.252,,5989182,,
0,0,,0.81,0.19,,7691948,,
1,1,,0.184,0.816,,11328854,,
0,0,,0.736,0.264,,8877106,,
0,0,,0.988,0.012,,5043688,,
1,1,,0.25,0.75,,5406965,,
0,0,,0.8,0.2,,7261868,,
0,0,,0.884,0.116,,5028572,,
0,0,,0.774,0.226,,6313692,,
0,0,,0.912,0.088,,10287544,,
0,0,,0.792,0.208,,5409890,,
1,1,,0.088,0.912,,6991483,,
1,1,,0.368,0.632,,8284892,,
1,1,,0.194,0.806,,5398187,,
1,1,,0.018,0.982,,4445867,,
0,0,,0.716,0.284,,4617509,,
0,0,,0.832,0.168,,7984763,,
1,1,,0.088,0.912,,7089494,,
0,0,,0.82,0.18,,5205334,,
1,1,,0.2,0.8,,5945540,,
0,0,,0.922,0.078,,5395750,,
1,1,,0.184,0.816,,4529250,,
1,1,,0.056,0.944,,4624092,,
1,1,,0.084,0.916,,5712457,,
0,0,,0.778,0.222,,5665403,,
0,0,,0.766,0.234,,4943726,,
1,1,,0.384,0.616,,4450500,,
0,0,,0.826,0.174,,6222263,,
0,0,,0.916,0.084,,5906774,,
1,1,,0.068,0.932,,4446111,,
1,1,,0.214,0.786,,4540221,,
0,0,,0.848,0.152,,6489479,,
1,1,,0.036,0.964,,5945296,,
1,1,,0.074,0.926,,4460984,,
0,0,,0.918,0.082,,4567040,,
0,0,,0.836,0.164,,4896671,,
0,0,,0.63,0.37,,6586271,,
0,0,,0.97,0.03,,4816701,,
0,0,,0.768,0.232,,4702843,,
1,1,,0.134,0.866,,6410972,,
0,0,,0.868,0.132,,6254446,,
1,1,,0.22,0.78,,4572404,,
0,0,,0.886,0.114,,4506576,,
0,0,,0.77,0.23,,5315780,,
0,0,,0.884,0.116,,7380359,,
1,1,,0.166,0.834,,5493761,,
1,1,,0.082,0.918,,4460740,,
1,1,,0.108,0.892,,6151803,,
1,1,,0.048,0.952,,6310279,,
0,0,,0.808,0.192,,4882286,,
1,1,,0.336,0.664,,6965395,,
1,1,,0.206,0.794,,7910158,,
1,1,,0.36,0.64,,5197776,,
0,0,,0.868,0.132,,4410759,,
1,1,,0.06,0.94,,4813044,,
1,1,,0.06,0.94,,7220176,,
0,0,,0.85,0.15,,4446598,,
0,0,,0.912,0.088,,4389791,,
1,1,,0.248,0.752,,5109760,,
1,1,,0.04,0.96,,7059749,,
1,1,,0.16,0.84,,5425494,,
0,0,,0.628,0.372,,5104884,,
0,0,,0.836,0.164,,4657493,,
1,1,,0.06,0.94,,7665128,,
1,1,,0.038,0.962,,4469517,,
0,0,,0.808,0.192,,4886187,,
0,0,,0.806,0.194,,4899840,,
0,0,,0.914,0.086,,7169951,,
0,0,,0.932,0.068,,4578743,,
0,0,,0.832,0.168,,4459033,,
0,0,,0.804,0.196,,4913494,,
0,0,,0.872,0.128,,8448245,,
0,0,,0.952,0.048,,5251902,,
0,0,,0.872,0.128,,4706256,,
0,0,,0.922,0.078,,5648336,,
1,1,,0.076,0.924,,6820572,,
0,0,,0.912,0.088,,4660420,,
1,1,,0.08,0.92,,4637989,,
1,1,,0.038,0.962,,6740359,,
1,1,,0.146,0.854,,5702218,,
0,1,,0.358,0.642,,4466347,,
0,0,,0.626,0.374,,4434164,,
0,0,,0.964,0.036,,9009982,,
1,1,,0.078,0.922,,7568336,,
1,1,,0.082,0.918,,5637121,,
1,1,,0.336,0.664,,6164969,,
1,1,,0.164,0.836,,6256640,,
1,1,,0.06,0.94,,5038324,,
0,0,,0.97,0.03,,5050028,,
0,0,,0.836,0.164,,6033067,,
1,1,,0.25,0.75,,5106592,,
0,0,,0.912,0.088,,4652617,,
1,1,,0.17,0.83,,4655788,,
1,1,,0.062,0.938,,6493136,,
0,0,,0.95,0.05,,6137662,,
0,0,,0.92,0.08,,4422705,,
0,0,,0.884,0.116,,4411734,,
0,0,,0.968,0.032,,11250348,,
0,0,,0.55,0.45,,7837258,,
1,1,,0.134,0.866,,4876679,,
1,1,,0.102,0.898,,6789365,,
1,1,,0.26,0.74,,5931399,,
1,1,,0.04,0.96,,4904717,,
0,0,,0.944,0.056,,5202896,,
0,0,,0.91,0.09,,9222341,,
1,1,,0.122,0.878,,4484877,,
1,1,,0.088,0.912,,4439284,,
1,1,,0.042,0.958,,6784732,,
1,0,,0.504,0.496,,5671010,,
1,1,,0.368,0.632,,5078065,,
0,0,,0.904,0.096,,4477318,,
1,1,,0.086,0.914,,4963475,,
0,1,,0.188,0.812,,5609814,,
1,1,,0.018,0.982,,4637257,,
1,1,,0.172,0.828,,4460008,,
0,0,,0.744,0.256,,4621410,,
1,1,,0.118,0.882,,8163962,,
0,0,,0.61,0.39,,4910324,,
1,1,,0.104,0.896,,4417098,,
1,1,,0.166,0.834,,4593128,,
1,1,,0.086,0.914,,6343437,,
0,0,,0.81,0.19,,7838965,,
0,0,,0.954,0.046,,9134813,,
1,1,,0.062,0.938,,6974172,,
0,0,,0.944,0.056,,4581669,,
1,1,,0.056,0.944,,5036374,,
1,1,,0.114,0.886,,4665539,,
0,0,,0.942,0.058,,6766935,,
0,0,,0.786,0.214,,5434028,,
0,0,,0.696,0.304,,4643353,,
0,0,,0.876,0.124,,5788039,,
0,0,,0.966,0.034,,6678919,,
0,0,,0.852,0.148,,7849205,,
1,1,,0.096,0.904,,5445487,,
1,1,,0.05,0.95,,6375376,,
0,0,,0.878,0.122,,5032229,,
1,1,,0.144,0.856,,4563383,,
1,1,,0.276,0.724,,6781563,,
0,0,,0.966,0.034,,6520443,,
1,1,,0.24,0.76,,5337235,,
1,1,,0.03,0.97,,4599955,,
1,0,,0.61,0.39,,4932511,,
0,1,,0.252,0.748,,9185525,,
1,1,,0.07,0.93,,4445136,,
0,0,,0.992,0.008,,4460496,,
1,1,,0.254,0.746,,6549700,,
0,0,,0.968,0.032,,8869060,,
0,0,,0.916,0.084,,9269396,,
1,1,,0.124,0.876,,9430554,,
0,0,,0.746,0.254,,4690408,,
0,0,,0.844,0.156,,4464396,,
1,1,,0.078,0.922,,6003323,,
1,1,,0.252,0.748,,6974416,,
1,1,,0.152,0.848,,4434408,,
1,1,,0.05,0.95,,4391498,,
1,1,,0.166,0.834,,6317106,,
0,0,,0.964,0.036,,6148877,,
0,0,,0.84,0.16,,6401951,,
1,1,,0.144,0.856,,4729906,,
0,0,,0.866,0.134,,9051674,,
1,1,,0.138,0.862,,5141456,,
1,1,,0.238,0.762,,4556557,,
0,0,,0.832,0.168,,4697479,,
0,0,,0.976,0.024,,7954530,,
1,1,,0.14,0.86,,7057799,,
1,1,,0.042,0.958,,4608976,,
0,0,,0.874,0.126,,6414629,,
0,0,,0.978,0.022,,5633464,,
0,0,,0.968,0.032,,5005166,,
1,1,,0.042,0.958,,4450256,,
0,0,,0.96,0.04,,5123414,,
1,1,,0.222,0.778,,5696122,,
1,1,,0.15,0.85,,4543147,,
1,1,,0.464,0.536,,4588983,,
1,1,,0.174,0.826,,4917395,,
0,0,,0.958,0.042,,7491780,,
1,1,,0.084,0.916,,7414005,,
1,1,,0.044,0.956,,4444161,,
1,1,,0.262,0.738,,6337586,,
0,0,,0.896,0.104,,6184717,,
1,1,,0.336,0.664,,7929418,,
1,1,,0.364,0.636,,7435704,,
0,1,,0.256,0.744,,5314561,,
1,1,,0.098,0.902,,4400763,,
1,1,,0.258,0.742,,5379170,,
0,0,,0.802,0.198,,6447300,,
1,1,,0.164,0.836,,6210804,,
0,1,,0.384,0.616,,4964206,,
0,0,,0.992,0.008,,5137799,,
1,1,,0.252,0.748,,7366461,,
0,0,,0.604,0.396,,4733563,,
0,0,,0.818,0.182,,4602636,,
0,0,,0.64,0.36,,6221288,,
0,0,,0.942,0.058,,6011124,,
0,0,,0.958,0.042,,4457327,,
0,0,,0.936,0.064,,4445380,,
0,0,,0.93,0.07,,4816945,,
0,0,,0.82,0.18,,7980618,,
0,0,,0.854,0.146,,4677243,,
1,1,,0.052,0.948,,4739658,,
0,0,,0.938,0.062,,5646873,,
0,0,,0.958,0.042,,5284572,,
0,0,,0.958,0.042,,6997090,,
0,0,,0.95,0.05,,4539734,,
0,0,,0.922,0.078,,6219094,,
1,1,,0.09,0.91,,6196176,,
1,1,,0.202,0.798,,6783026,,
1,1,,0.296,0.704,,7360366,,
1,1,,0.116,0.884,,7359391,,
1,1,,0.022,0.978,,4419536,,
1,1,,0.18,0.82,,4461227,,
0,0,,0.944,0.056,,4605319,,
0,0,,0.942,0.058,,5345769,,
1,1,,0.152,0.848,,5074652,,
0,0,,0.978,0.022,,4419536,,
0,0,,0.82,0.18,,5601037,,
1,1,,0.132,0.868,,6800824,,
0,0,,0.818,0.182,,5994545,,
0,0,,0.892,0.108,,4461471,,
1,1,,0.218,0.782,,4531444,,
1,1,,0.194,0.806,,7919910,,
0,0,,0.958,0.042,,4894233,,
1,1,,0.136,0.864,,5191437,,
0,0,,0.88,0.12,,6774005,,
0,0,,0.91,0.09,,7470324,,
0,0,,0.846,0.154,,5420374,,
0,0,,0.988,0.012,,5456702,,
1,1,,0.05,0.95,,5667353,,
0,0,,0.85,0.15,,5339673,,
0,0,,0.906,0.094,,4462690,,
1,1,,0.39,0.61,,4420511,,
1,1,,0.144,0.856,,5600793,,
0,0,,0.954,0.046,,5642485,,
0,0,,0.972,0.028,,4409052,,
0,0,,0.924,0.076,,4435871,,
1,1,,0.05,0.95,,4779887,,
0,0,,0.936,0.064,,7435703,,
1,1,,0.026,0.974,,7243095,,
0,0,,0.948,0.052,,4424168,,
1,1,,0.352,0.648,,6654538,,
1,1,,0.078,0.922,,8177129,,
1,1,,0.052,0.948,,8483354,,
1,1,,0.078,0.922,,7393037,,
0,0,,0.756,0.244,,4707475,,
0,1,,0.408,0.592,,4447574,,
1,1,,0.186,0.814,,5191924,,
0,0,,0.982,0.018,,5402819,,
1,0,,0.696,0.304,,4796465,,
1,1,,0.264,0.736,,4445380,,
0,0,,0.632,0.368,,4443429,,
1,1,,0.186,0.814,,6349289,,
1,1,,0.134,0.866,,6744991,,
0,0,,0.928,0.072,,7507872,,
1,1,,0.268,0.732,,7060237,,
0,0,,0.696,0.304,,6198614,,
1,1,,0.04,0.96,,4526812,,
0,0,,0.978,0.022,,4422218,,
1,1,,0.04,0.96,,7415712,,
0,0,,0.764,0.236,,6044039,,
0,0,,0.838,0.162,,4572405,,
0,0,,0.858,0.142,,4830111,,
0,0,,0.932,0.068,,6245182,,
1,1,,0.17,0.83,,6300771,,
1,1,,0.16,0.84,,4718934,,
0,1,,0.386,0.614,,4690164,,
0,0,,0.936,0.064,,5644923,,
0,0,,0.956,0.044,,5561296,,
1,1,,0.058,0.942,,4417341,,
1,1,,0.194,0.806,,4403932,,
0,0,,0.508,0.492,,7212130,,
1,1,,0.066,0.934,,8498714,,
0,0,,0.938,0.062,,5046126,,
1,1,,0.106,0.894,,4513646,,
1,1,,0.082,0.918,,5966507,,
1,1,,0.16,0.84,,5718066,,
1,1,,0.156,0.844,,5099276,,
1,0,,0.6,0.4,,5209478,,
1,1,,0.09,0.91,,6448032,,
1,1,,0.172,0.828,,6169357,,
1,1,,0.094,0.906,,4854004,,
0,0,,0.814,0.186,,5559589,,
1,1,,0.188,0.812,,5734889,,
1,1,,0.092,0.908,,5011017,,
1,1,,0.108,0.892,,4463178,,
1,1,,0.054,0.946,,4467567,,
0,0,,0.74,0.26,,5648824,,
1,1,,0.266,0.734,,6435841,,
0,0,,0.844,0.156,,7835308,,
1,1,,0.024,0.976,,6777174,,
0,0,,0.848,0.152,,5683688,,
1,1,,0.374,0.626,,4529981,,
0,0,,0.818,0.182,,4456351,,
0,0,,0.854,0.146,,4627993,,
1,1,,0.384,0.616,,8043277,,
1,1,,0.058,0.942,,4524130,,
0,0,,0.926,0.074,,4404663,,
1,1,,0.358,0.642,,5358446,,
1,1,,0.204,0.796,,6021852,,
0,0,,0.924,0.076,,4889357,,
1,1,,0.164,0.836,,4678949,,
0,0,,0.958,0.042,,4889844,,
1,1,,0.114,0.886,,7544687,,
0,0,,0.918,0.082,,5079041,,
0,0,,0.662,0.338,,4676511,,
0,0,,0.966,0.034,,5428176,,
1,1,,0.206,0.794,,7556633,,
1,1,,0.018,0.982,,4501212,,
0,1,,0.49,0.51,,4449769,,
1,1,,0.17,0.83,,4818652,,
0,0,,0.846,0.154,,5470843,,
1,1,,0.316,0.684,,6791559,,
0,0,,0.904,0.096,,6528489,,
0,0,,0.87,0.13,,6682820,,
0,0,,0.906,0.094,,5668084,,
0,0,,0.866,0.134,,6493624,,
1,1,,0.168,0.832,,5936519,,
1,1,,0.068,0.932,,8014508,,
0,0,,0.772,0.228,,4474637,,
0,0,,0.982,0.018,,4392229,,
0,0,,0.864,0.136,,4917151,,
0,0,,0.84,0.16,,7616854,,
1,1,,0.054,0.946,,5112930,,
0,0,,0.83,0.17,,4492679,,
0,0,,0.916,0.084,,4844008,,
1,1,,0.12,0.88,,5610058,,
1,1,,0.114,0.886,,4949334,,
1,1,,0.248,0.752,,4661394,,
0,0,,0.784,0.216,,4445380,,
0,0,,0.94,0.06,,7254797,,
1,1,,0.054,0.946,,5898241,,
0,0,,0.928,0.072,,4444892,,
0,0,,0.904,0.096,,8053761,,
0,0,,0.844,0.156,,7014645,,
1,1,,0.074,0.926,,5085624,,
0,0,,0.952,0.048,,7791909,,
1,1,,0.324,0.676,,6092801,,
1,1,,0.14,0.86,,6137174,,
1,1,,0.162,0.838,,4595079,,
1,1,,0.162,0.838,,4878142,,
1,1,,0.024,0.976,,7995735,,
0,0,,0.852,0.148,,5630782,,
0,0,,0.928,0.072,,4659932,,
0,0,,0.736,0.264,,5917258,,
0,0,,0.898,0.102,,8627201,,
0,0,,0.676,0.324,,4926903,,
1,1,,0.096,0.904,,4473418,,
0,0,,0.856,0.144,,5345768,,
0,0,,0.976,0.024,,5982843,,
1,1,,0.092,0.908,,4708694,,
1,1,,0.25,0.75,,4580694,,
0,0,,0.75,0.25,,5873860,,
0,0,,0.924,0.076,,6698423,,
0,0,,0.928,0.072,,5152184,,
1,1,,0.452,0.548,,4404664,,
1,1,,0.136,0.864,,4966156,,
0,0,,0.886,0.114,,6385859,,
1,1,,0.076,0.924,,4689677,,
0,0,,0.904,0.096,,4687971,,
1,1,,0.228,0.772,,8447026,,
1,1,,0.3,0.7,,6891033,,
0,0,,0.95,0.05,,8072291,,
0,0,,0.956,0.044,,7210180,,
0,0,,0.79,0.21,,6207147,,
1,1,,0.048,0.952,,5164618,,
0,0,,0.952,0.048,,5870203,,
0,0,,0.96,0.04,,8706195,,
0,1,,0.364,0.636,,4545829,,
1,1,,0.18,0.82,,5374538,,
0,0,,0.946,0.054,,7376458,,
0,0,,0.922,0.078,,5836070,,
0,0,,0.898,0.102,,4653106,,
0,0,,0.842,0.158,,5067094,,
1,1,,0.08,0.92,,8975361,,
0,0,,0.948,0.052,,5413792,,
0,0,,0.644,0.356,,5061487,,
1,1,,0.072,0.928,,4704062,,
0,0,,0.606,0.394,,6927117,,
0,0,,0.962,0.038,,5293105,,
1,1,,0.114,0.886,,6835444,,
1,1,,0.226,0.774,,6200808,,
1,1,,0.214,0.786,,6325152,,
0,0,,0.922,0.078,,4849372,,
1,1,,0.122,0.878,,5453289,,
0,0,,0.742,0.258,,5572999,,
0,0,,0.698,0.302,,5690759,,
0,0,,0.922,0.078,,4735025,,
1,1,,0.032,0.968,,5329677,,
0,0,,0.694,0.306,,7010012,,
1,1,,0.066,0.934,,5867033,,
0,0,,0.92,0.08,,5058316,,
0,0,,0.54,0.46,,4929098,,
1,1,,0.06,0.94,,7606614,,
0,0,,0.826,0.174,,5092938,,
0,0,,0.888,0.112,,4603124,,
1,1,,0.26,0.74,,5919208,,
0,0,,0.804,0.196,,9096047,,
1,1,,0.148,0.852,,5255071,,
0,0,,0.924,0.076,,4499506,,
0,0,,0.86,0.14,,5431833,,
0,0,,0.8,0.2,,5582995,,
0,0,,0.798,0.202,,4617997,,
0,0,,0.982,0.018,,4459277,,
0,0,,0.852,0.148,,5076115,,
1,1,,0.148,0.852,,7571505,,
0,0,,0.924,0.076,,4420998,,
0,0,,0.568,0.432,,4656275,,
1,1,,0.046,0.954,,5454263,,
1,1,,0.144,0.856,,5382827,,
1,1,,0.026,0.974,,4749166,,
0,0,,0.982,0.018,,4499262,,
0,0,,0.854,0.146,,5227277,,
1,1,,0.46,0.54,,5900922,,
0,0,,0.64,0.36,,6402683,,
0,0,,0.808,0.192,,6941746,,
0,0,,0.9,0.1,,6615285,,
1,1,,0.164,0.836,,6069151,,
0,0,,0.872,0.128,,4835718,,
0,0,,0.908,0.092,,5457677,,
0,0,,0.804,0.196,,5964801,,
0,0,,0.926,0.074,,4976640,,
1,1,,0.124,0.876,,4404907,,
1,1,,0.202,0.798,,4464884,,
0,0,,0.636,0.364,,6919315,,
0,0,,0.856,0.144,,5616397,,
1,1,,0.19,0.81,,5153159,,
1,0,,0.802,0.198,,4556313,,
1,1,,0.058,0.942,,5843628,,
0,0,,0.918,0.082,,5897266,,
1,1,,0.184,0.816,,4601418,,
1,1,,0.298,0.702,,4426607,,
1,1,,0.39,0.61,,6776931,,
0,0,,0.918,0.082,,8264412,,
1,1,,0.146,0.854,,6559696,,
0,0,,0.632,0.368,,6041113,,
1,1,,0.05,0.95,,6040869,,
1,1,,0.168,0.832,,4546560,,
1,1,,0.142,0.858,,4459764,,
1,1,,0.118,0.882,,5883369,,
0,0,,0.94,0.06,,7622462,,
0,0,,0.876,0.124,,7023666,,
1,1,,0.424,0.576,,5740739,,
0,0,,0.83,0.17,,7004649,,
1,1,,0.184,0.816,,4812313,,
0,0,,0.982,0.018,,4625555,,
1,1,,0.152,0.848,,7919666,,
0,0,,0.844,0.156,,6607483,,
0,0,,0.938,0.062,,4408077,,
0,0,,0.978,0.022,,6978561,,
0,0,,0.64,0.36,,5774873,,
1,1,,0.056,0.944,,5323338,,
1,1,,0.07,0.93,,4709425,,
1,1,,0.242,0.758,,4411247,,
1,1,,0.138,0.862,,6063056,,
1,1,,0.08,0.92,,8166401,,
0,0,,0.828,0.172,,4407101,,
0,0,,0.646,0.354,,6324664,,
1,1,,0.058,0.942,,6795704,,
1,1,,0.17,0.83,,5672473,,
0,0,,0.924,0.076,,4478293,,
1,1,,0.236,0.764,,4432946,,
1,1,,0.076,0.924,,7363049,,
0,0,,0.87,0.13,,6235917,,
1,1,,0.168,0.832,,4441967,,
0,0,,0.92,0.08,,5741471,,
0,0,,0.88,0.12,,6479482,,
0,0,,0.956,0.044,,4658470,,
0,0,,0.734,0.266,,4460983,,
0,0,,0.792,0.208,,4569966,,
0,0,,0.968,0.032,,7306484,,
0,0,,0.866,0.134,,5132434,,
0,0,,0.796,0.204,,5260923,,
0,1,,0.464,0.536,,6334660,,
1,1,,0.088,0.912,,5707094,,
1,1,,0.21,0.79,,4637014,,
0,0,,0.902,0.098,,4554607,,
1,1,,0.112,0.888,,4682363,,
0,0,,0.938,0.062,,8356573,,
1,1,,0.202,0.798,,4581670,,
1,1,,0.17,0.83,,7857494,,
0,0,,0.686,0.314,,6408778,,
0,0,,0.782,0.218,,5188023,,
0,0,,0.75,0.25,,4476831,,
0,0,,0.824,0.176,,4727467,,
1,1,,0.198,0.802,,7012938,,
1,1,,0.138,0.862,,5261898,,
0,0,,0.718,0.282,,4809875,,
0,0,,0.872,0.128,,5198020,,
0,0,,0.884,0.116,,6173990,,
1,1,,0.308,0.692,,5405257,,
0,0,,0.946,0.054,,4587033,,
1,1,,0.034,0.966,,4680899,,
0,0,,0.858,0.142,,6127421,,
1,1,,0.062,0.938,,4952016,,
1,1,,0.046,0.954,,4955917,,
0,0,,0.798,0.202,,4524374,,
1,1,,0.036,0.964,,5674180,,
1,1,,0.008,0.992,,4966644,,
1,1,,0.066,0.934,,6468023,,
1,1,,0.062,0.938,,5187292,,
0,0,,0.978,0.022,,6566522,,
0,0,,0.904,0.096,,4922759,,
0,0,,0.716,0.284,,5089037,,
1,1,,0.062,0.938,,4508283,,
0,0,,0.81,0.19,,5744640,,
0,0,,0.822,0.178,,5789258,,
0,0,,0.952,0.048,,4554119,,
0,0,,0.854,0.146,,4627506,,
1,1,,0.074,0.926,,6183010,,
0,0,,0.768,0.232,,5733913,,
1,1,,0.22,0.78,,4488290,,
1,1,,0.156,0.844,,4459033,,
0,0,,0.952,0.048,,6399757,,
0,0,,0.828,0.172,,6202759,,
1,1,,0.06,0.94,,5906043,,
0,0,,0.754,0.246,,4737220,,
0,0,,0.782,0.218,,6643567,,
1,1,,0.21,0.79,,6201052,,
1,1,,0.034,0.966,,4487559,,
1,1,,0.142,0.858,,4558507,,
0,1,,0.462,0.538,,6971490,,
0,0,,0.772,0.228,,5206796,,
1,1,,0.108,0.892,,4552656,,
1,1,,0.118,0.882,,5130241,,
1,1,,0.058,0.942,,7383529,,
1,1,,0.106,0.894,,4997852,,
1,1,,0.084,0.916,,4864976,,
0,0,,0.96,0.04,,4804755,,
1,1,,0.07,0.93,,5988451,,
0,1,,0.392,0.608,,6753525,,
0,0,,0.914,0.086,,4976884,,
1,1,,0.162,0.838,,5644923,,
0,0,,0.852,0.148,,7624900,,
1,1,,0.08,0.92,,5208991,,
1,1,,0.228,0.772,,4985906,,
0,0,,0.812,0.188,,9939140,,
0,0,,0.906,0.094,,6171307,,
1,1,,0.234,0.766,,6490941,,
0,0,,0.96,0.04,,8374371,,
0,0,,0.922,0.078,,7468618,,
0,0,,0.972,0.028,,5074408,,
0,0,,0.762,0.238,,8596969,,
0,0,,0.888,0.112,,7702187,,
1,1,,0.392,0.608,,4716252,,
1,1,,0.202,0.798,,5505464,,
1,0,,0.54,0.46,,8034256,,
1,1,,0.176,0.824,,5103665,,
0,0,,0.84,0.16,,4925684,,
0,0,,0.96,0.04,,5529357,,
0,0,,0.826,0.174,,6667703,,
1,1,,0.106,0.894,,4640915,,
1,1,,0.036,0.964,,4698942,,
0,0,,0.594,0.406,,7072915,,
1,1,,0.08,0.92,,6381715,,
1,1,,0.074,0.926,,7121433,,
1,1,,0.146,0.854,,5411597,,
0,0,,0.952,0.048,,7122164,,
1,1,,0.068,0.932,,4645548,,
0,0,,0.596,0.404,,4423681,,
0,0,,0.83,0.17,,6858607,,
0,0,,0.79,0.21,,5675155,,
0,0,,0.632,0.368,,5022965,,
0,0,,0.834,0.166,,5091475,,
1,1,,0.148,0.852,,6062080,,
1,1,,0.046,0.954,,5269943,,
0,0,,0.71,0.29,,4454644,,
1,1,,0.114,0.886,,4535590,,
1,1,,0.028,0.972,,5211185,,
1,1,,0.032,0.968,,6708664,,
1,1,,0.124,0.876,,5020770,,
0,0,,0.796,0.204,,5503269,,
0,1,,0.392,0.608,,8052786,,
0,1,,0.452,0.548,,5430858,,
1,1,,0.038,0.962,,4414660,,
1,0,,0.682,0.318,,4624092,,
0,0,,0.778,0.222,,6784245,,
0,0,,0.818,0.182,,5344549,,
1,1,,0.032,0.968,,4484633,,
1,1,,0.006,0.994,,4410027,,
0,0,,0.784,0.216,,6449982,,
0,0,,0.88,0.12,,5686370,,
0,0,,0.542,0.458,,4422705,,
1,1,,0.242,0.758,,4473174,,
1,1,,0.134,0.866,,5727087,,
0,1,,0.446,0.554,,7196283,,
0,0,,0.92,0.08,,4452938,,
1,1,,0.396,0.604,,4505600,,
0,0,,0.53,0.47,,7170683,,
1,1,,0.048,0.952,,5691246,,
1,1,,0.028,0.972,,4694066,,
1,1,,0.048,0.952,,4374919,,
0,0,,0.802,0.198,,7298195,,
1,1,,0.058,0.942,,6419749,,
1,1,,0.46,0.54,,4818896,,
0,0,,0.806,0.194,,4938851,,
0,0,,0.914,0.086,,6767178,,
0,0,,0.796,0.204,,6402926,,
1,0,,0.728,0.272,,8013776,,
1,1,,0.042,0.958,,5435246,,
0,0,,0.888,0.112,,5570804,,
0,0,,0.942,0.058,,4942507,,
1,1,,0.142,0.858,,5099521,,
1,1,,0.218,0.782,,7269182,,
0,0,,0.954,0.046,,5183391,,
1,1,,0.248,0.752,,4549243,,
0,0,,0.974,0.026,,4440747,,
0,0,,0.82,0.18,,7295513,,
1,1,,0.054,0.946,,5446461,,
0,0,,0.924,0.076,,8053761,,
1,1,,0.046,0.954,,7112168,,
1,1,,0.328,0.672,,5788527,,
1,1,,0.164,0.836,,4585082,,
1,1,,0.28,0.72,,4768428,,
1,1,,0.082,0.918,,5879467,,
1,0,,0.556,0.444,,5632976,,
1,1,,0.05,0.95,,4729905,,
0,0,,0.778,0.222,,4643596,,
1,1,,0.084,0.916,,5993327,,
1,1,,0.042,0.958,,7047315,,
0,0,,0.878,0.122,,7816778,,
0,0,,0.778,0.222,,7432046,,
1,1,,0.204,0.796,,6260297,,
1,1,,0.042,0.958,,4780618,,
0,0,,0.81,0.19,,4674804,,
1,1,,0.188,0.812,,6108892,,
0,0,,0.614,0.386,,6467780,,
1,1,,0.292,0.708,,7823848,,
0,0,,0.9,0.1,,7631971,,
1,1,,0.066,0.934,,12381624,,
1,1,,0.202,0.798,,8812009,,
0,0,,0.852,0.148,,7335011,,
1,1,,0.342,0.658,,7810927,,
0,0,,0.788,0.212,,7302584,,
1,1,,0.05,0.95,,7128992,,
0,0,,0.816,0.184,,4548999,,
0,0,,0.718,0.282,,4539734,,
1,1,,0.042,0.958,,6088655,,
1,1,,0.204,0.796,,6755719,,
0,0,,0.924,0.076,,4494141,,
0,0,,0.788,0.212,,4413441,,
0,0,,0.934,0.066,,6265661,,
1,1,,0.096,0.904,,6066469,,
0,0,,0.562,0.438,,4423193,,
0,0,,0.68,0.32,,4650667,,
1,1,,0.174,0.826,,7102416,,
0,0,,0.856,0.144,,6912976,,
0,1,,0.246,0.754,,4538271,,
0,0,,0.914,0.086,,5044176,,
0,0,,0.89,0.11,,6427307,,
1,1,,0.07,0.93,,7365730,,
1,0,,0.79,0.21,,4878385,,
0,0,,0.732,0.268,,4935436,,
1,1,,0.176,0.824,,9000474,,
0,1,,0.172,0.828,,4981273,,
0,0,,0.972,0.028,,4590934,,
1,1,,0.058,0.942,,6503620,,
0,0,,0.832,0.168,,6182035,,
0,0,,0.846,0.154,,4715277,,
0,0,,0.776,0.224,,4646035,,
1,0,,0.556,0.444,,5142675,,
1,1,,0.1,0.9,,8893442,,
1,1,,0.068,0.932,,8727163,,
0,0,,0.784,0.216,,5648823,,
0,0,,0.772,0.228,,6366355,,
0,0,,0.876,0.124,,7041951,,
1,1,,0.066,0.934,,7747292,,
0,0,,0.848,0.152,,8428252,,
0,0,,0.652,0.348,,4488777,,
1,1,,0.09,0.91,,4882774,,
1,1,,0.098,0.902,,5780725,,
1,1,,0.116,0.884,,5831437,,
1,0,,0.62,0.38,,4802317,,
0,0,,0.916,0.084,,4426850,,
0,0,,0.866,0.134,,4998827,,
0,0,,0.98,0.02,,7498606,,
0,0,,0.84,0.16,,4928366,,
0,0,,0.768,0.232,,4958354,,
0,0,,0.9,0.1,,4898134,,
0,0,,0.822,0.178,,8098135,,
1,1,,0.062,0.938,,4507063,,
1,1,,0.17,0.83,,4715764,,
0,0,,0.86,0.14,,6436328,,
1,1,,0.244,0.756,,7382554,,
1,1,,0.122,0.878,,5618835,,
0,0,,0.772,0.228,,7574675,,
1,1,,0.16,0.84,,6607482,,
1,1,,0.15,0.85,,4493898,,
0,0,,0.744,0.256,,4455132,,
1,1,,0.06,0.94,,4902035,,
0,0,,0.896,0.104,,7810927,,
1,0,,0.77,0.23,,5101715,,
1,1,,0.066,0.934,,4532420,,
1,1,,0.106,0.894,,4923734,,
0,0,,0.734,0.266,,5311879,,
0,0,,0.936,0.064,,5793403,,
0,0,,0.886,0.114,,4451475,,
0,0,,0.806,0.194,,5107323,,
1,1,,0.056,0.944,,6212268,,
0,0,,0.736,0.264,,5417936,,
0,0,,0.904,0.096,,4412953,,
1,1,,0.222,0.778,,4388572,,
0,0,,0.79,0.21,,7112899,,
0,0,,0.852,0.148,,5620054,,
0,1,,0.31,0.69,,4986149,,
0,0,,0.87,0.13,,5250927,,
1,1,,0.058,0.942,,5816564,,
0,0,,0.91,0.09,,5220938,,
1,1,,0.074,0.926,,4644328,,
1,1,,0.134,0.866,,4397105,,
0,0,,0.934,0.066,,6760595,,
0,0,,0.924,0.076,,5926766,,
0,0,,0.868,0.132,,4438796,,
0,0,,0.844,0.156,,4487071,,
0,0,,0.844,0.156,,5893120,,
0,0,,0.806,0.194,,5333822,,
0,0,,0.89,0.11,,4385647,,
1,1,,0.212,0.788,,4424412,,
1,1,,0.204,0.796,,6750355,,
0,0,,0.674,0.326,,5726355,,
0,0,,0.94,0.06,,4658713,,
0,0,,0.814,0.186,,4738439,,
1,1,,0.196,0.804,,6228847,,
0,0,,0.846,0.154,,5415497,,
1,1,,0.11,0.89,,4463910,,
0,0,,0.834,0.166,,4459765,,
0,0,,0.822,0.178,,6391224,,
0,0,,0.878,0.122,,6506789,,
0,0,,0.822,0.178,,4501456,,
1,1,,0.106,0.894,,4447818,,
0,0,,0.912,0.088,,6816915,,
1,1,,0.098,0.902,,5708069,,
0,0,,0.902,0.098,,4401737,,
1,1,,0.22,0.78,,5626881,,
1,1,,0.042,0.958,,7247971,,
0,0,,0.686,0.314,,5365273,,
1,1,,0.3,0.7,,4893745,,
0,0,,0.91,0.09,,4687482,,
1,1,,0.092,0.908,,5840458,,
1,1,,0.12,0.88,,5795597,,
0,0,,0.846,0.154,,4572405,,
0,0,,0.886,0.114,,4667002,,
0,0,,0.876,0.124,,6523856,,
0,0,,0.946,0.054,,6156191,,
0,0,,0.92,0.08,,7521281,,
0,1,,0.19,0.81,,9029243,,
0,0,,0.87,0.13,,6059155,,
1,1,,0.138,0.862,,4720397,,
0,0,,0.844,0.156,,4954454,,
1,1,,0.058,0.942,,6949060,,
1,1,,0.078,0.922,,6065738,,
1,1,,0.07,0.93,,5310416,,
0,0,,0.86,0.14,,4645303,,
1,1,,0.344,0.656,,6468512,,
1,1,,0.246,0.754,,4864244,,
0,0,,0.854,0.146,,4425631,,
0,0,,0.64,0.36,,5421105,,
0,0,,0.96,0.04,,10251460,,
1,1,,0.144,0.856,,8019140,,
1,1,,0.186,0.814,,10193190,,
0,0,,0.87,0.13,,9516375,,
1,1,,0.09,0.91,,8817616,,
0,0,,0.728,0.272,,9133106,,
1,1,,0.244,0.756,,7148984,,
1,0,,0.628,0.372,,6869090,,
0,0,,0.876,0.124,,7989639,,
1,1,,0.076,0.924,,7100710,,
1,1,,0.084,0.916,,8151528,,
0,0,,0.776,0.224,,8100816,,
0,0,,0.844,0.156,,7546637,,
0,0,,0.882,0.118,,5743178,,
1,1,,0.126,0.874,,7428390,,
0,0,,0.82,0.18,,4485121,,
1,1,,0.358,0.642,,4545829,,
1,1,,0.252,0.748,,6866896,,
1,1,,0.052,0.948,,7074134,,
1,1,,0.218,0.782,,5354301,,
0,0,,0.878,0.122,,4661395,,
1,1,,0.13,0.87,,8396801,,
1,1,,0.058,0.942,,7506408,,
0,0,,0.92,0.08,,7231879,,
0,0,,0.82,0.18,,11477822,,
1,1,,0.142,0.858,,8414355,,
1,1,,0.294,0.706,,12143910,,
0,0,,0.882,0.118,,10538668,,
0,0,,0.862,0.138,,7290150,,
1,1,,0.078,0.922,,8907338,,
0,0,,0.784,0.216,,4946652,,
1,1,,0.336,0.664,,4588495,,
1,1,,0.158,0.842,,5397944,,
1,1,,0.108,0.892,,8557959,,
1,1,,0.08,0.92,,6170088,,
0,0,,0.814,0.186,,6813502,,
1,1,,0.284,0.716,,8923917,,
0,0,,0.914,0.086,,6320763,,
1,1,,0.128,0.872,,5060998,,
1,1,,0.04,0.96,,7828969,,
1,1,,0.222,0.778,,7616611,,
1,1,,0.3,0.7,,7316237,,
0,0,,0.84,0.16,,6614066,,
0,0,,0.884,0.116,,7885288,,
1,0,,0.512,0.488,,5197532,,
0,0,,0.736,0.264,,6347338,,
1,1,,0.278,0.722,,7222858,,
0,0,,0.928,0.072,,5925791,,
1,1,,0.058,0.942,,4952504,,
1,1,,0.136,0.864,,8180542,,
0,0,,0.97,0.03,,5269944,,
0,0,,0.842,0.158,,4451718,,
1,1,,0.042,0.958,,4838645,,
0,0,,0.846,0.154,,7643674,,
0,0,,0.896,0.104,,4650423,,
0,0,,0.8,0.2,,4700405,,
1,1,,0.208,0.792,,5027109,,
0,0,,0.54,0.46,,6173014,,
1,1,,0.18,0.82,,5052221,,
0,0,,0.836,0.164,,4446111,,
1,1,,0.18,0.82,,4660907,,
1,0,,0.742,0.258,,8075460,,
1,1,,0.114,0.886,,4967620,,
0,0,,0.692,0.308,,4429288,,
1,1,,0.108,0.892,,5308221,,
0,0,,0.754,0.246,,6133761,,
1,1,,0.18,0.82,,5737327,,
0,0,,0.776,0.224,,5085136,,
0,1,,0.484,0.516,,4858881,,
1,1,,0.038,0.962,,6614553,,
0,0,,0.742,0.258,,5736351,,
1,1,,0.06,0.94,,4442210,,
0,0,,0.868,0.132,,5084648,,
1,1,,0.138,0.862,,6205197,,
1,1,,0.136,0.864,,4988588,,
1,1,,0.028,0.972,,4421730,,
1,0,,0.802,0.198,,4454645,,
1,1,,0.07,0.93,,5571048,,
0,0,,0.892,0.108,,5723185,,
0,1,,0.376,0.624,,4688945,,
1,1,,0.046,0.954,,5372343,,
1,1,,0.038,0.962,,5260435,,
0,0,,0.902,0.098,,5908481,,
1,1,,0.108,0.892,,4588740,,
1,1,,0.048,0.952,,4436115,,
0,0,,0.95,0.05,,5497662,,
0,0,,0.862,0.138,,7571262,,
1,1,,0.08,0.92,,4536077,,
1,0,,0.81,0.19,,5008823,,
1,1,,0.052,0.948,,4805242,,
0,0,,0.894,0.106,,5568854,,
0,0,,0.794,0.206,,5812176,,
1,1,,0.066,0.934,,4450012,,
0,0,,0.842,0.158,,4736244,,
1,1,,0.326,0.674,,6491186,,
1,1,,0.33,0.67,,4958599,,
0,0,,0.932,0.068,,5008823,,
1,1,,0.392,0.608,,4474393,,
1,0,,0.572,0.428,,6925898,,
1,1,,0.07,0.93,,7180679,,
0,0,,0.92,0.08,,4725516,,
0,1,,0.208,0.792,,5422569,,
1,1,,0.058,0.942,,8578927,,
1,1,,0.08,0.92,,5109760,,
1,1,,0.136,0.864,,6501669,,
1,1,,0.034,0.966,,6198858,,
0,0,,0.796,0.204,,4955673,,
1,0,,0.666,0.334,,4576549,,
0,0,,0.822,0.178,,4496823,,
1,1,,0.018,0.982,,6702325,,
0,0,,0.58,0.42,,5435734,,
0,0,,0.798,0.202,,4482195,,
0,0,,0.81,0.19,,4928123,,
1,1,,0.078,0.922,,5718797,,
1,1,,0.224,0.776,,6129859,,
1,1,,0.058,0.942,,4418073,,
0,0,,0.896,0.104,,4448549,,
1,1,,0.056,0.944,,7231392,,
1,1,,0.498,0.502,,6715246,,
1,1,,0.172,0.828,,5107322,,
1,1,,0.068,0.932,,4456351,,
0,0,,0.706,0.294,,6363186,,
1,1,,0.036,0.964,,6125228,,
1,1,,0.084,0.916,,4428557,,
0,0,,0.94,0.06,,4436602,,
0,0,,0.91,0.09,,6536778,,
0,0,,0.952,0.048,,6272976,,
1,1,,0.13,0.87,,5346500,,
1,1,,0.036,0.964,,4710157,,
1,1,,0.218,0.782,,8225403,,
0,0,,0.942,0.058,,7122408,,
0,0,,0.866,0.134,,7709745,,
1,1,,0.022,0.978,,6185448,,
1,1,,0.172,0.828,,5288717,,
1,1,,0.154,0.846,,4425387,,
1,0,,0.806,0.194,,4948115,,
1,1,,0.102,0.898,,5561053,,
0,0,,0.85,0.15,,5093425,,
1,1,,0.062,0.938,,4432214,,
1,1,,0.166,0.834,,4402225,,
0,0,,0.91,0.09,,7430340,,
0,0,,0.748,0.252,,6179841,,
0,0,,0.806,0.194,,5045151,,
1,1,,0.31,0.69,,4450012,,
1,1,,0.32,0.68,,5527163,,
0,0,,0.788,0.212,,5678080,,
1,1,,0.076,0.924,,4842545,,
1,1,,0.11,0.89,,4632625,,
0,0,,0.866,0.134,,6836176,,
1,1,,0.136,0.864,,7399132,,
1,1,,0.114,0.886,,4424168,,
0,0,,0.94,0.06,,4716252,,
1,1,,0.1,0.9,,8324146,,
1,1,,0.148,0.852,,4451231,,
0,0,,0.88,0.12,,4455619,,
0,0,,0.838,0.162,,5302614,,
0,0,,0.788,0.212,,7861395,,
1,1,,0.084,0.916,,5388922,,
0,0,,0.748,0.252,,4428556,,
1,1,,0.11,0.89,,5949441,,
0,0,,0.646,0.354,,5930180,,
1,1,,0.494,0.506,,4479026,,
1,1,,0.17,0.83,,4397105,,
1,1,,0.098,0.902,,5526431,,