ItalyPowerDemand,cTSF,train,0,NANOSECONDS,PREDICTIONS, Generated by BasicReproductionTests at 2019-10-01 13:46:03
timeseriesweka.classifiers.interval_based.cTSF, 2019-10-01 13:46:03, 1569933963708
0.967930029154519,221061147,237062632,-1,-1,2,,-1,-1
1,1,,0.118,0.882,,553692,,
1,1,,0.09,0.91,,469577,,
1,1,,0.022,0.978,,506149,,
1,0,,0.504,0.496,,566613,,
1,1,,0.016,0.984,,610986,,
0,0,,1,0,,390583,,
1,1,,0,1,,387413,,
1,1,,0.102,0.898,,409357,,
1,1,,0.04,0.96,,622933,,
1,1,,0.002,0.998,,656823,,
1,1,,0.022,0.978,,441051,,
1,1,,0.406,0.594,,392777,,
1,1,,0.014,0.986,,383756,,
0,0,,0.97,0.03,,439345,,
0,0,,0.662,0.338,,600503,,
1,1,,0.012,0.988,,639513,,
0,0,,0.89,0.11,,728503,,
0,0,,0.996,0.004,,705585,,
0,0,,0.948,0.052,,413744,,
1,1,,0.194,0.806,,491520,,
0,0,,0.646,0.354,,427398,,
0,0,,0.974,0.026,,435444,,
1,1,,0.184,0.816,,587825,,
0,0,,0.986,0.014,,424473,,
1,1,,0.294,0.706,,394728,,
0,0,,0.962,0.038,,431056,,
0,0,,0.928,0.072,,586118,,
0,0,,0.888,0.112,,453242,,
1,1,,0.006,0.994,,621958,,
0,0,,1,0,,499078,,
0,0,,0.83,0.17,,334019,,
0,0,,0.96,0.04,,414232,,
0,0,,0.52,0.48,,468358,,
1,1,,0.008,0.992,,517120,,
1,1,,0.052,0.948,,347916,,
0,0,,0.796,0.204,,314514,,
1,1,,0.008,0.992,,359863,,
0,0,,0.872,0.128,,324511,,
1,1,,0.058,0.942,,304030,,
0,0,,0.67,0.33,,229425,,
1,1,,0.002,0.998,,245029,,
1,1,,0,1,,209433,,
1,1,,0.002,0.998,,202850,,
1,1,,0.07,0.93,,226499,,
0,0,,0.846,0.154,,241371,,
1,1,,0.014,0.986,,210408,,
1,1,,0.068,0.932,,283551,,
0,0,,0.92,0.08,,332800,,
1,1,,0.168,0.832,,380587,,
0,0,,0.86,0.14,,363033,,
1,1,,0.022,0.978,,324754,,
1,1,,0,1,,336945,,
1,1,,0,1,,400823,,
1,1,,0,1,,265997,,
0,0,,0.88,0.12,,221623,,
1,1,,0.144,0.856,,207725,,
1,1,,0.024,0.976,,256975,,
1,1,,0,1,,348160,,
1,1,,0.006,0.994,,332556,,
1,1,,0.016,0.984,,331094,,
1,1,,0,1,,468115,,
1,1,,0.028,0.972,,280869,,
1,1,,0.286,0.714,,505417,,
1,1,,0.076,0.924,,340602,,
0,0,,0.7,0.3,,217722,,
1,1,,0.004,0.996,,207482,,
1,1,,0.034,0.966,,206751,,
0,0,,0.722,0.278,,204557,,
1,1,,0.032,0.968,,278431,,
1,1,,0.458,0.542,,336457,,
1,1,,0.066,0.934,,489569,,
1,1,,0.212,0.788,,224305,,
1,1,,0.454,0.546,,286233,,
0,0,,0.882,0.118,,589044,,
0,0,,0.99,0.01,,253562,,
1,1,,0,1,,204557,,
0,0,,0.998,0.002,,209432,,
1,1,,0.002,0.998,,204312,,
0,0,,0.922,0.078,,208945,,
0,0,,1,0,,203337,,
0,0,,0.888,0.112,,377174,,
1,1,,0.008,0.992,,295254,,
1,1,,0.01,0.99,,470553,,
1,0,,0.686,0.314,,363276,,
1,1,,0,1,,540770,,
1,1,,0.004,0.996,,424472,,
1,1,,0.004,0.996,,385219,,
0,0,,0.868,0.132,,391071,,
1,1,,0,1,,457387,,
1,1,,0.492,0.508,,449828,,
1,1,,0.102,0.898,,390582,,
0,0,,0.926,0.074,,581241,,
0,1,,0.444,0.556,,331825,,
0,0,,0.994,0.006,,211627,,
1,1,,0.026,0.974,,204556,,
0,0,,0.88,0.12,,209433,,
1,1,,0.014,0.986,,226256,,
0,0,,1,0,,348404,,
0,0,,0.97,0.03,,563444,,
0,0,,0.934,0.066,,362058,,
1,0,,0.62,0.38,,694857,,
1,1,,0,1,,371566,,
0,0,,0.998,0.002,,440320,,
1,1,,0.06,0.94,,285013,,
0,0,,0.734,0.266,,236252,,
1,1,,0.028,0.972,,212602,,
0,0,,0.888,0.112,,1051307,,
0,0,,0.996,0.004,,770682,,
1,1,,0.002,0.998,,569783,,
0,0,,0.864,0.136,,407162,,
0,0,,0.862,0.138,,409112,,
0,0,,0.996,0.004,,395215,,
1,1,,0.046,0.954,,710949,,
0,0,,0.636,0.364,,391315,,
0,0,,1,0,,584899,,
1,1,,0.142,0.858,,383269,,
0,0,,0.976,0.024,,366689,,
0,0,,0.99,0.01,,377904,,
0,0,,0.778,0.222,,699246,,
0,0,,0.858,0.142,,456412,,
0,0,,0.96,0.04,,411063,,
1,1,,0.018,0.982,,586118,,
1,1,,0.052,0.948,,277211,,
1,1,,0.032,0.968,,221135,,
1,1,,0,1,,221135,,
0,0,,0.706,0.294,,236495,,
0,0,,0.962,0.038,,227718,,
1,1,,0,1,,377661,,
0,0,,0.938,0.062,,553692,,
1,1,,0.026,0.974,,226255,,
0,0,,0.976,0.024,,257219,,
1,1,,0.028,0.972,,294034,,
1,1,,0,1,,492251,,
1,1,,0.018,0.982,,382049,,
0,0,,0.862,0.138,,385463,,
0,0,,0.902,0.098,,393752,,
1,1,,0.32,0.68,,384244,,
0,0,,0.75,0.25,,742156,,
0,0,,0.97,0.03,,295497,,
1,1,,0,1,,515658,,
1,1,,0.072,0.928,,353768,,
0,0,,0.832,0.168,,263315,,
1,1,,0,1,,242834,,
1,1,,0.002,0.998,,235277,,
0,0,,0.992,0.008,,281600,,
0,0,,0.988,0.012,,286720,,
0,0,,0.644,0.356,,221379,,
0,0,,1,0,,788968,,
0,0,,0.762,0.238,,1099824,,
1,1,,0.042,0.958,,522971,,
0,0,,0.966,0.034,,224061,,
1,1,,0.1,0.9,,257707,,
0,0,,0.962,0.038,,207482,,
0,0,,0.814,0.186,,206750,,
0,0,,0.854,0.146,,199436,,
1,1,,0,1,,292327,,
1,1,,0,1,,344746,,
1,1,,0.002,0.998,,306225,,
1,1,,0.018,0.982,,271116,,
0,0,,0.894,0.106,,209433,,
1,1,,0.024,0.976,,561006,,
1,1,,0.156,0.844,,329630,,
1,1,,0.064,0.936,,448122,,
0,0,,0.98,0.02,,208213,,
1,1,,0,1,,205531,,
1,1,,0.002,0.998,,246247,,
0,0,,0.972,0.028,,204556,,
0,0,,0.86,0.14,,208213,,
1,1,,0.062,0.938,,506149,,
1,1,,0,1,,579535,,
1,1,,0.006,0.994,,580023,,
0,0,,0.936,0.064,,234057,,
0,0,,0.964,0.036,,279405,,
1,1,,0,1,,210651,,
1,1,,0,1,,199680,,
0,0,,0.962,0.038,,218941,,
0,0,,0.85,0.15,,287939,,
0,0,,0.868,0.132,,199680,,
0,0,,0.868,0.132,,871863,,
0,0,,0.966,0.034,,966218,,
0,0,,0.924,0.076,,275017,,
0,0,,0.818,0.182,,216990,,
0,0,,0.994,0.006,,203093,,
0,0,,0.896,0.104,,298911,,
0,0,,0.996,0.004,,201386,,
1,1,,0.006,0.994,,212846,,
0,0,,1,0,,248442,,
1,1,,0.012,0.988,,1402392,,
1,1,,0,1,,400092,,
1,1,,0.02,0.98,,401798,,
0,0,,0.722,0.278,,519558,,
0,0,,0.832,0.168,,411062,,
0,0,,1,0,,400335,,
1,1,,0.01,0.99,,491520,,
1,1,,0.008,0.992,,386439,,
1,1,,0.152,0.848,,393265,,
1,1,,0.086,0.914,,971337,,
1,1,,0,1,,567832,,
0,0,,0.872,0.128,,454461,,
0,0,,0.902,0.098,,469333,,
1,1,,0.068,0.932,,540282,,
0,0,,0.988,0.012,,462263,,
1,1,,0.03,0.97,,453485,,
1,1,,0,1,,390339,,
0,0,,0.872,0.128,,450804,,
0,0,,0.988,0.012,,354255,,
0,0,,0.964,0.036,,353280,,
0,0,,0.872,0.128,,418133,,
0,0,,0.822,0.178,,335239,,
1,1,,0.02,0.98,,334507,,
1,1,,0.15,0.85,,377173,,
1,1,,0.1,0.9,,466652,,
1,1,,0,1,,225037,,
0,0,,0.866,0.134,,213577,,
0,0,,0.982,0.018,,214065,,
1,1,,0.018,0.982,,213577,,
1,1,,0,1,,192854,,
1,1,,0,1,,193585,,
1,1,,0.104,0.896,,223817,,
1,1,,0.052,0.948,,198949,,
0,0,,0.976,0.024,,218210,,
1,1,,0.002,0.998,,206263,,
0,1,,0.316,0.684,,205287,,
1,1,,0,1,,201630,,
1,1,,0.018,0.982,,192122,,
0,0,,0.708,0.292,,226743,,
1,1,,0.012,0.988,,203825,,
0,0,,0.516,0.484,,223817,,
1,1,,0.006,0.994,,205288,,
1,1,,0.038,0.962,,204800,,
1,1,,0,1,,206507,,
0,0,,0.974,0.026,,207238,,
0,0,,0.978,0.022,,208701,,
1,1,,0.004,0.996,,203581,,
0,0,,0.996,0.004,,206506,,
1,1,,0.002,0.998,,205044,,
1,1,,0.02,0.98,,207726,,
0,0,,0.998,0.002,,213090,,
0,0,,0.936,0.064,,204312,,
0,0,,0.92,0.08,,220160,,
0,0,,0.99,0.01,,212846,,
0,0,,0.996,0.004,,211383,,
0,0,,0.942,0.058,,218941,,
1,1,,0.07,0.93,,218454,,
1,1,,0.01,0.99,,227231,,
0,0,,0.99,0.01,,278918,,
1,1,,0.008,0.992,,238446,,
1,1,,0.108,0.892,,218697,,
0,0,,0.87,0.13,,214308,,
1,1,,0.208,0.792,,199924,,
1,1,,0.002,0.998,,178956,,
1,1,,0.414,0.586,,216990,,
0,1,,0.1,0.9,,214309,,
1,1,,0.004,0.996,,141897,,
0,0,,0.872,0.128,,150431,,
1,1,,0.14,0.86,,209432,,
0,0,,1,0,,193828,,
0,0,,0.956,0.044,,189196,,
1,1,,0.002,0.998,,145067,,
0,0,,0.878,0.122,,149943,,
0,0,,0.744,0.256,,147261,,
1,1,,0.006,0.994,,140678,,
1,1,,0.066,0.934,,144335,,
1,1,,0.004,0.996,,142872,,
1,1,,0,1,,137752,,
1,1,,0.036,0.964,,165303,,
0,0,,1,0,,212114,,
0,0,,0.97,0.03,,206750,,
1,1,,0.06,0.94,,195048,,
0,0,,0.964,0.036,,193341,,
1,1,,0.05,0.95,,204800,,
1,1,,0.146,0.854,,155794,,
0,0,,0.924,0.076,,189196,,
0,0,,1,0,,177738,,
1,1,,0.012,0.988,,203825,,
1,1,,0,1,,180906,,
0,0,,0.992,0.008,,143360,,
0,0,,1,0,,139947,,
0,0,,1,0,,142141,,
1,1,,0,1,,140922,,
0,0,,0.996,0.004,,141409,,
1,1,,0.184,0.816,,143116,,
1,1,,0.062,0.938,,141165,,
1,0,,0.542,0.458,,146042,,
1,1,,0.144,0.856,,142141,,
0,0,,0.998,0.002,,143116,,
1,1,,0,1,,280137,,
1,1,,0.002,0.998,,265265,,
1,1,,0.044,0.956,,209920,,
0,0,,1,0,,203093,,
1,1,,0.238,0.762,,203581,,
1,0,,0.594,0.406,,311345,,
0,1,,0.152,0.848,,281600,,
1,1,,0.002,0.998,,188465,,
1,1,,0.012,0.988,,179444,,
0,0,,0.996,0.004,,194316,,
1,1,,0.016,0.984,,160427,,
0,1,,0.262,0.738,,170179,,
0,0,,1,0,,210164,,
1,1,,0.122,0.878,,202606,,
0,0,,0.604,0.396,,214308,,
0,0,,0.986,0.014,,332556,,
0,0,,0.696,0.304,,174812,,
0,0,,1,0,,153356,,
0,0,,1,0,,148237,,
0,0,,0.958,0.042,,257463,,
0,0,,0.992,0.008,,271604,,
0,0,,0.934,0.066,,219672,,
0,0,,0.974,0.026,,153600,,
1,1,,0,1,,146529,,
0,0,,0.994,0.006,,156038,,
0,0,,1,0,,143360,,
0,0,,0.996,0.004,,150431,,
0,0,,0.998,0.002,,163840,,
0,0,,0.992,0.008,,198949,,
1,1,,0.002,0.998,,207482,,
1,1,,0.048,0.952,,342796,,
1,1,,0.19,0.81,,211871,,
1,1,,0.026,0.974,,207726,,
1,1,,0,1,,201143,,
1,1,,0.06,0.94,,314027,,
0,0,,1,0,,196754,,
0,0,,0.994,0.006,,164571,,
1,1,,0.028,0.972,,155307,,
0,0,,1,0,,146042,,
0,0,,0.978,0.022,,163353,,
1,1,,0.062,0.938,,149211,,
0,0,,0.844,0.156,,150187,,
0,0,,0.932,0.068,,156282,,
1,1,,0.046,0.954,,141166,,
1,1,,0.1,0.9,,141897,,
0,0,,1,0,,481768,,
1,1,,0.038,0.962,,227962,,
0,0,,0.984,0.016,,177738,,
0,0,,0.988,0.012,,367665,,
0,0,,0.882,0.118,,659505,,
0,0,,1,0,,221623,,
1,1,,0.002,0.998,,217722,,
0,0,,0.984,0.016,,211627,,
0,0,,0.988,0.012,,212114,,
1,1,,0.266,0.734,,225768,,
1,1,,0.038,0.962,,222110,,
0,0,,0.998,0.002,,294279,,
0,0,,1,0,,339871,,
0,0,,0.994,0.006,,152625,,
1,1,,0,1,,158720,,
0,0,,1,0,,187733,,
1,1,,0,1,,410575,,
0,0,,1,0,,277455,,
1,1,,0.104,0.896,,229425,,
1,1,,0,1,,203337,,
1,1,,0.002,0.998,,199924,,
1,1,,0,1,,146530,,
0,0,,0.954,0.046,,147261,,
0,0,,0.78,0.22,,146286,,
1,1,,0.152,0.848,,142384,,
0,0,,1,0,,141166,,
1,0,,0.688,0.312,,143360,,
1,1,,0.14,0.86,,147748,,
0,0,,0.918,0.082,,216747,,
1,1,,0.004,0.996,,249417,,
1,1,,0,1,,164327,,
0,0,,0.978,0.022,,156526,,
1,1,,0.15,0.85,,180907,,
0,0,,0.944,0.056,,302324,,
1,1,,0,1,,265509,,
0,0,,1,0,,178957,,
1,1,,0.008,0.992,,140922,,
0,0,,0.78,0.22,,149455,,
0,0,,0.94,0.06,,142628,,
0,0,,0.994,0.006,,139215,,
0,0,,0.998,0.002,,138484,,
1,1,,0.124,0.876,,146530,,
1,1,,0.096,0.904,,145310,,
0,1,,0.464,0.536,,143116,,
0,0,,0.988,0.012,,143116,,
0,0,,0.872,0.128,,759954,,
1,1,,0.002,0.998,,145798,,
1,1,,0.038,0.962,,142873,,
0,0,,0.89,0.11,,176762,,
1,1,,0.012,0.988,,201143,,
0,0,,0.986,0.014,,191147,,
1,1,,0.07,0.93,,215284,,
1,1,,0,1,,163108,,
1,1,,0.042,0.958,,141166,,
1,1,,0.102,0.898,,151894,,
1,1,,0.404,0.596,,146042,,
1,1,,0.022,0.978,,143848,,
1,1,,0.022,0.978,,141410,,
1,1,,0.002,0.998,,147261,,
0,0,,0.944,0.056,,201387,,
1,1,,0.11,0.89,,199192,,
1,1,,0.016,0.984,,206751,,
1,1,,0.02,0.98,,201875,,
1,1,,0.002,0.998,,194072,,
0,0,,0.908,0.092,,197242,,
1,1,,0.02,0.98,,191391,,
0,0,,0.986,0.014,,142141,,
1,1,,0,1,,145554,,
0,0,,0.976,0.024,,143848,,
1,1,,0.494,0.506,,156282,,
0,0,,0.994,0.006,,184563,,
0,0,,0.92,0.08,,186271,,
1,1,,0.336,0.664,,198948,,
1,1,,0,1,,171886,,
0,0,,0.994,0.006,,144091,,
1,1,,0.148,0.852,,142628,,
1,1,,0.072,0.928,,150674,,
0,0,,1,0,,144823,,
1,1,,0.018,0.982,,144823,,
0,0,,1,0,,146530,,
1,1,,0.072,0.928,,164572,,
0,0,,0.996,0.004,,142385,,
0,0,,0.97,0.03,,142385,,
0,0,,1,0,,193584,,
1,1,,0.144,0.856,,215527,,
1,1,,0.002,0.998,,207969,,
0,0,,0.552,0.448,,269410,,
1,1,,0.044,0.956,,239909,,
0,0,,0.914,0.086,,172618,,
1,1,,0.018,0.982,,191635,,
0,0,,0.984,0.016,,220404,,
0,0,,0.804,0.196,,200412,,
0,0,,0.996,0.004,,198705,,
0,0,,0.996,0.004,,178225,,
1,1,,0.026,0.974,,203581,,
1,1,,0,1,,189197,,
0,0,,0.808,0.192,,140435,,
0,0,,1,0,,143117,,
0,0,,0.814,0.186,,141166,,
0,0,,0.938,0.062,,138484,,
1,1,,0.02,0.98,,142384,,
0,0,,0.972,0.028,,142872,,
0,0,,0.992,0.008,,139947,,
1,1,,0.036,0.964,,140922,,
1,1,,0.014,0.986,,138971,,
1,1,,0.066,0.934,,148968,,
0,0,,0.986,0.014,,140435,,
0,0,,0.998,0.002,,164328,,
1,1,,0,1,,196998,,
0,0,,0.98,0.02,,211139,,
0,0,,0.988,0.012,,207238,,
0,0,,0.956,0.044,,149211,,
1,1,,0,1,,141410,,
0,0,,1,0,,196267,,
1,1,,0.18,0.82,,199436,,
1,1,,0.04,0.96,,200168,,
1,1,,0.002,0.998,,200168,,
1,1,,0.02,0.98,,154088,,
1,1,,0.002,0.998,,137265,,
0,0,,0.958,0.042,,149943,,
0,0,,0.98,0.02,,141653,,
0,0,,0.55,0.45,,148236,,
0,0,,0.996,0.004,,139703,,
0,0,,0.85,0.15,,144579,,
1,1,,0.004,0.996,,139947,,
0,0,,0.978,0.022,,140678,,
0,0,,0.998,0.002,,143604,,
1,1,,0.018,0.982,,170910,,
1,1,,0.094,0.906,,198461,,
0,0,,0.92,0.08,,198217,,
0,0,,1,0,,146530,,
0,0,,0.996,0.004,,138727,,
1,1,,0.156,0.844,,144335,,
1,1,,0.006,0.994,,160670,,
0,0,,0.866,0.134,,272335,,
1,1,,0.002,0.998,,235520,,
0,0,,0.978,0.022,,205532,,
1,1,,0.122,0.878,,149456,,
1,1,,0.284,0.716,,143116,,
0,0,,1,0,,139703,,
0,0,,0.998,0.002,,139703,,
0,0,,0.994,0.006,,139947,,
1,1,,0,1,,140434,,
0,0,,0.994,0.006,,149943,,
0,0,,1,0,,141897,,
0,1,,0.172,0.828,,152869,,
1,1,,0.136,0.864,,303542,,
0,0,,1,0,,303787,,
0,0,,0.996,0.004,,236739,,
0,0,,0.816,0.184,,196754,,
0,0,,0.926,0.074,,356937,,
1,1,,0.066,0.934,,233813,,
0,0,,1,0,,145554,,
0,0,,0.7,0.3,,145798,,
1,1,,0,1,,139216,,
0,0,,0.748,0.252,,139459,,
0,0,,1,0,,139947,,
1,1,,0.002,0.998,,140435,,
1,1,,0.086,0.914,,144092,,
1,1,,0.044,0.956,,145555,,
0,0,,0.992,0.008,,194559,,
1,1,,0.004,0.996,,177981,,
0,0,,0.79,0.21,,279162,,
0,0,,0.802,0.198,,147993,,
0,0,,0.856,0.144,,138972,,
1,1,,0.002,0.998,,140922,,
0,0,,0.89,0.11,,147017,,
1,1,,0.002,0.998,,204313,,
0,0,,0.994,0.006,,253562,,
0,0,,0.888,0.112,,252099,,
1,1,,0.002,0.998,,142629,,
0,0,,0.994,0.006,,145067,,
0,0,,0.94,0.06,,141653,,
1,1,,0.054,0.946,,146529,,
0,0,,0.998,0.002,,140678,,
1,1,,0.016,0.984,,157257,,
0,0,,1,0,,202362,,
0,0,,0.812,0.188,,209189,,
0,0,,0.806,0.194,,545889,,
0,0,,0.882,0.118,,164084,,
0,0,,0.872,0.128,,222598,,
0,0,,0.976,0.024,,741425,,
1,1,,0.106,0.894,,375223,,
0,0,,0.994,0.006,,206263,,
0,0,,0.794,0.206,,234057,,
1,1,,0,1,,181395,,
1,1,,0.006,0.994,,161158,,
1,1,,0,1,,173105,,
0,0,,0.998,0.002,,174811,,
0,0,,0.97,0.03,,144335,,
1,1,,0.05,0.95,,145799,,
0,0,,0.95,0.05,,141165,,
0,0,,0.948,0.052,,360838,,
0,0,,0.856,0.144,,334994,,
1,1,,0.058,0.942,,153112,,
0,0,,0.964,0.036,,145554,,
0,0,,0.848,0.152,,145310,,
0,0,,0.914,0.086,,170666,,
0,0,,0.994,0.006,,347916,,
1,1,,0.014,0.986,,213333,,
1,1,,0.056,0.944,,219184,,
0,0,,0.77,0.23,,212602,,
0,0,,0.934,0.066,,206994,,
1,1,,0.086,0.914,,212602,,
1,0,,0.788,0.212,,207970,,
1,1,,0.006,0.994,,239178,,
0,0,,0.986,0.014,,368396,,
1,1,,0.028,0.972,,169935,,
1,1,,0.096,0.904,,144579,,
1,1,,0.232,0.768,,145798,,
0,0,,0.978,0.022,,372541,,
1,1,,0.046,0.954,,236739,,
0,0,,0.898,0.102,,182613,,
1,1,,0.004,0.996,,141653,,
1,1,,0.01,0.99,,139702,,
1,1,,0.056,0.944,,145798,,
1,1,,0.028,0.972,,144335,,
0,0,,0.998,0.002,,140435,,
0,0,,0.948,0.052,,143117,,
1,1,,0.464,0.536,,140191,,
0,0,,0.846,0.154,,142629,,
1,1,,0.028,0.972,,141165,,
0,0,,1,0,,140922,,
1,1,,0.036,0.964,,142140,,
0,0,,0.918,0.082,,405212,,
0,0,,0.99,0.01,,140190,,
0,0,,1,0,,141410,,
0,0,,0.892,0.108,,142385,,
1,1,,0,1,,150186,,
1,1,,0.002,0.998,,324023,,
1,1,,0.188,0.812,,828221,,
1,1,,0.012,0.988,,150918,,
1,1,,0.002,0.998,,142141,,
0,0,,0.928,0.072,,145067,,
0,0,,0.75,0.25,,143360,,
1,1,,0,1,,143847,,
1,1,,0.096,0.904,,144335,,
0,0,,0.998,0.002,,200167,,
1,1,,0.134,0.866,,219672,,
1,1,,0,1,,205532,,
0,0,,0.996,0.004,,216015,,
1,1,,0.02,0.98,,182370,,
0,0,,1,0,,156769,,
0,0,,0.996,0.004,,212358,,
0,0,,1,0,,202362,,
0,0,,0.87,0.13,,212115,,
0,0,,0.966,0.034,,207726,,
0,0,,1,0,,208213,,
0,0,,0.8,0.2,,206507,,
0,0,,0.92,0.08,,212602,,
0,0,,0.522,0.478,,211627,,
1,1,,0.08,0.92,,213333,,
1,1,,0.366,0.634,,229669,,
0,0,,0.948,0.052,,150430,,
1,1,,0.01,0.99,,159695,,
0,0,,1,0,,145066,,
1,1,,0.134,0.866,,202118,,
1,1,,0.004,0.996,,206507,,
0,0,,0.846,0.154,,239665,,
0,0,,0.76,0.24,,196998,,
0,0,,0.886,0.114,,191878,,
0,0,,0.994,0.006,,159208,,
1,1,,0.024,0.976,,199192,,
1,1,,0.046,0.954,,196754,,
0,0,,0.958,0.042,,192366,,
0,0,,0.922,0.078,,166522,,
0,0,,0.952,0.048,,147993,,
1,1,,0.074,0.926,,167741,,
0,0,,0.996,0.004,,150919,,
1,1,,0,1,,146286,,
0,0,,0.978,0.022,,154819,,
1,1,,0.016,0.984,,139947,,
1,1,,0,1,,152381,,
0,0,,0.756,0.244,,146773,,
1,1,,0,1,,138240,,
1,1,,0,1,,136777,,
1,1,,0,1,,184807,,
1,1,,0.006,0.994,,194804,,
0,0,,1,0,,171886,,
0,0,,0.972,0.028,,151894,,
0,0,,0.884,0.116,,151162,,
1,1,,0,1,,177493,,
0,0,,0.936,0.064,,196998,,
0,0,,0.77,0.23,,208945,,
0,0,,1,0,,184807,,
0,0,,0.856,0.144,,150918,,
1,1,,0,1,,148968,,
0,0,,0.932,0.068,,155794,,
1,1,,0.244,0.756,,155551,,
1,1,,0.02,0.98,,143848,,
0,0,,1,0,,175787,,
0,0,,0.76,0.24,,204800,,
1,1,,0.004,0.996,,201631,,
0,0,,0.886,0.114,,208701,,
0,0,,0.984,0.016,,195292,,
1,1,,0.05,0.95,,156770,,
1,1,,0,1,,150675,,
1,1,,0.052,0.948,,190903,,
0,0,,0.666,0.334,,206019,,
0,0,,0.876,0.124,,206507,,
1,1,,0.004,0.996,,199437,,
1,1,,0.078,0.922,,211626,,
1,1,,0,1,,175787,,
1,1,,0,1,,150431,,
1,1,,0.004,0.996,,162133,,
0,0,,1,0,,151162,,
1,1,,0,1,,151650,,
0,1,,0.166,0.834,,161890,,
0,0,,0.994,0.006,,190415,,
1,1,,0.084,0.916,,215040,,
0,0,,0.916,0.084,,215040,,
1,1,,0,1,,205776,,
1,1,,0.174,0.826,,204556,,
0,0,,0.95,0.05,,199680,,
0,0,,0.86,0.14,,202361,,
1,1,,0.11,0.89,,197730,,
0,0,,0.994,0.006,,293059,,
0,0,,0.86,0.14,,379611,,
0,0,,1,0,,205044,,
0,0,,0.888,0.112,,161646,,
0,0,,0.854,0.146,,152137,,
1,1,,0.396,0.604,,177006,,
1,1,,0.012,0.988,,160427,,
1,1,,0.116,0.884,,155063,,
1,1,,0.018,0.982,,256243,,
0,0,,0.9,0.1,,207969,,
0,0,,0.998,0.002,,213821,,
0,0,,0.934,0.066,,218698,,
1,1,,0.024,0.976,,205043,,
1,1,,0,1,,204069,,
0,0,,0.826,0.174,,178956,,
1,1,,0,1,,142385,,
1,1,,0.004,0.996,,345722,,
1,1,,0.012,0.988,,284038,,
0,0,,1,0,,165790,,
1,1,,0.002,0.998,,147505,,
0,0,,0.842,0.158,,146042,,
0,0,,0.958,0.042,,146286,,
0,0,,0.978,0.022,,141897,,
0,0,,0.858,0.142,,148724,,
0,0,,0.958,0.042,,153844,,
1,1,,0.11,0.89,,148237,,
1,1,,0,1,,145555,,
0,0,,0.888,0.112,,345234,,
1,1,,0.01,0.99,,188465,,
1,1,,0,1,,142385,,
1,1,,0,1,,136533,,
1,1,,0.064,0.936,,148236,,
0,0,,0.876,0.124,,222842,,
0,0,,0.77,0.23,,523947,,
0,1,,0.476,0.524,,232594,,
1,1,,0.002,0.998,,173592,,
1,0,,0.912,0.088,,186271,,
0,0,,0.784,0.216,,183833,,
0,0,,0.876,0.124,,160671,,
1,1,,0.002,0.998,,236739,,
1,1,,0,1,,175299,,
0,0,,0.896,0.104,,159939,,
0,0,,1,0,,139459,,
0,0,,0.776,0.224,,157258,,
1,1,,0.096,0.904,,248198,,
1,1,,0.032,0.968,,153600,,
0,0,,0.706,0.294,,147017,,
0,0,,1,0,,140190,,
1,1,,0.046,0.954,,145798,,
0,0,,0.83,0.17,,271847,,
1,1,,0,1,,219672,,
1,1,,0,1,,204800,,
1,1,,0,1,,152137,,
0,0,,0.984,0.016,,146530,,
1,1,,0,1,,154332,,
1,0,,0.502,0.498,,156282,,
0,0,,0.892,0.108,,145555,,
0,0,,0.996,0.004,,149699,,
0,0,,0.89,0.11,,140922,,
1,1,,0.478,0.522,,224304,,
1,1,,0,1,,227718,,
0,0,,0.986,0.014,,156526,,
0,0,,1,0,,138240,,
1,1,,0.026,0.974,,143116,,
1,1,,0.03,0.97,,165791,,
0,0,,0.99,0.01,,273554,,
1,1,,0.084,0.916,,206262,,
0,0,,0.998,0.002,,149943,,
0,0,,0.94,0.06,,143360,,
1,1,,0,1,,139459,,
0,0,,0.972,0.028,,140190,,
1,1,,0.002,0.998,,138728,,
1,1,,0.206,0.794,,144580,,
1,1,,0.04,0.96,,138972,,
1,1,,0.154,0.846,,141166,,
1,1,,0.002,0.998,,137996,,
1,1,,0.476,0.524,,225768,,
1,1,,0.002,0.998,,142628,,
0,0,,0.972,0.028,,140678,,
1,1,,0,1,,139459,,
1,1,,0,1,,154819,,
0,0,,0.862,0.138,,190903,,
0,0,,0.566,0.434,,193341,,
1,1,,0.044,0.956,,171398,,
1,1,,0.004,0.996,,164328,,
0,0,,0.798,0.202,,140678,,
1,1,,0.136,0.864,,142629,,
0,0,,0.954,0.046,,140678,,
1,1,,0.204,0.796,,146774,,
0,0,,0.974,0.026,,139703,,
1,1,,0.004,0.996,,139216,,
1,1,,0.18,0.82,,143604,,
0,0,,0.792,0.208,,139703,,
1,1,,0.056,0.944,,144823,,
0,0,,0.966,0.034,,329143,,
1,1,,0.004,0.996,,140190,,
0,0,,0.982,0.018,,139459,,
0,0,,0.774,0.226,,139703,,
1,1,,0,1,,165790,,
1,1,,0.012,0.988,,150187,,
0,0,,0.984,0.016,,176030,,
0,0,,0.956,0.044,,206019,,
0,0,,0.994,0.006,,197242,,
1,1,,0.002,0.998,,192853,,
0,0,,0.72,0.28,,159696,,
0,0,,0.702,0.298,,163353,,
1,1,,0.074,0.926,,640000,,
0,0,,0.962,0.038,,231376,,
0,1,,0.126,0.874,,165547,,
0,0,,0.992,0.008,,147261,,
0,0,,0.978,0.022,,142141,,
1,1,,0.006,0.994,,139215,,
1,0,,0.678,0.322,,196267,,
0,0,,0.88,0.12,,174812,,
1,1,,0.02,0.98,,197973,,
0,1,,0.134,0.866,,158476,,
0,0,,0.998,0.002,,139703,,
1,1,,0.002,0.998,,141166,,
0,0,,0.842,0.158,,140190,,
0,0,,0.986,0.014,,139215,,
0,0,,0.966,0.034,,138727,,
1,1,,0.468,0.532,,152869,,
1,1,,0.016,0.984,,183589,,
1,1,,0,1,,209920,,
0,0,,0.874,0.126,,215040,,
0,0,,0.876,0.124,,207482,,
0,0,,0.97,0.03,,210164,,
1,1,,0,1,,206995,,
0,0,,0.826,0.174,,207969,,
0,1,,0.136,0.864,,235032,,
1,1,,0.002,0.998,,200899,,
1,1,,0,1,,198705,,
1,1,,0.004,0.996,,190415,,
1,0,,0.62,0.38,,197485,,
0,0,,0.872,0.128,,153112,,
0,0,,0.78,0.22,,139459,,
0,0,,0.868,0.132,,141166,,
0,0,,0.794,0.206,,145799,,
0,0,,0.944,0.056,,139703,,
0,0,,0.976,0.024,,137996,,
0,0,,0.852,0.148,,137021,,
1,1,,0.002,0.998,,140922,,
1,1,,0.062,0.938,,140435,,
0,0,,0.956,0.044,,162864,,
1,1,,0.19,0.81,,211626,,
1,1,,0.016,0.984,,201143,,
0,0,,0.99,0.01,,156769,,
1,1,,0.03,0.97,,168473,,
1,1,,0.038,0.962,,167497,,
0,0,,0.912,0.088,,169935,,
1,1,,0,1,,190903,,
0,0,,0.914,0.086,,150431,,
1,0,,0.934,0.066,,142872,,
1,1,,0,1,,138483,,
1,1,,0.088,0.912,,140678,,
0,0,,0.64,0.36,,139947,,
0,0,,0.992,0.008,,139703,,
0,0,,0.868,0.132,,141409,,
0,0,,0.864,0.136,,139459,,
1,1,,0.01,0.99,,139947,,
0,0,,0.662,0.338,,152625,,
0,0,,0.99,0.01,,190415,,
1,1,,0.252,0.748,,185296,,
0,0,,0.954,0.046,,141898,,
0,0,,0.798,0.202,,138240,,
0,1,,0.178,0.822,,148236,,
0,0,,0.988,0.012,,171641,,
1,1,,0.004,0.996,,176762,,
0,0,,0.994,0.006,,156770,,
1,1,,0.006,0.994,,141897,,
1,1,,0.032,0.968,,138484,,
0,0,,0.976,0.024,,141166,,
0,0,,0.82,0.18,,139703,,
0,0,,0.98,0.02,,139459,,
0,0,,0.996,0.004,,138484,,
0,0,,0.952,0.048,,137021,,
0,0,,0.948,0.052,,139703,,
0,0,,0.986,0.014,,139215,,
1,1,,0.3,0.7,,186270,,
1,1,,0.1,0.9,,175787,,
0,0,,0.642,0.358,,152869,,
0,0,,0.858,0.142,,138728,,
0,0,,0.858,0.142,,181395,,
1,1,,0.06,0.94,,175300,,
0,0,,0.85,0.15,,163597,,
1,1,,0.006,0.994,,174324,,
0,0,,0.924,0.076,,201387,,
0,0,,0.908,0.092,,208214,,
0,0,,0.986,0.014,,206994,,
0,0,,0.824,0.176,,197486,,
1,1,,0.02,0.98,,143360,,
0,0,,0.996,0.004,,138971,,
1,1,,0,1,,138728,,
0,0,,0.848,0.152,,139216,,
1,1,,0.108,0.892,,141897,,
1,1,,0,1,,277699,,
0,0,,0.812,0.188,,179444,,
1,1,,0.12,0.88,,154088,,
0,0,,0.988,0.012,,151406,,
1,1,,0.024,0.976,,141410,,
1,1,,0.002,0.998,,300374,,
0,0,,0.864,0.136,,257951,,
0,0,,0.976,0.024,,184807,,
0,0,,0.988,0.012,,207238,,
0,0,,1,0,,203825,,
0,0,,0.864,0.136,,207482,,
0,1,,0.054,0.946,,204556,,
0,0,,0.982,0.018,,220891,,
1,1,,0.166,0.834,,189196,,
0,0,,0.91,0.09,,150431,,
1,1,,0,1,,272335,,
1,1,,0.004,0.996,,230156,,
1,1,,0.002,0.998,,154819,,
0,0,,0.95,0.05,,148480,,
1,1,,0.214,0.786,,172617,,
1,1,,0.134,0.866,,171154,,
0,0,,0.94,0.06,,163596,,
0,0,,0.92,0.08,,199924,,
0,0,,0.87,0.13,,140678,,
1,1,,0.022,0.978,,140922,,
1,1,,0.08,0.92,,145798,,
0,0,,0.984,0.016,,142628,,
1,1,,0.002,0.998,,145555,,
0,0,,0.696,0.304,,153357,,
1,1,,0.024,0.976,,155795,,
1,0,,0.53,0.47,,161646,,
0,0,,0.928,0.072,,158476,,
1,1,,0,1,,145555,,
1,1,,0.036,0.964,,222842,,
0,0,,0.952,0.048,,243078,,
0,0,,0.96,0.04,,209188,,
0,0,,0.808,0.192,,153357,,
1,1,,0.024,0.976,,145311,,
0,0,,0.93,0.07,,139702,,
1,1,,0.156,0.844,,306469,,
1,1,,0.09,0.91,,197486,,
1,1,,0,1,,204556,,
1,1,,0.218,0.782,,214796,,
0,0,,0.956,0.044,,201875,,
1,1,,0.056,0.944,,210896,,
1,1,,0,1,,205287,,
0,0,,0.872,0.128,,229913,,
0,0,,0.924,0.076,,148236,,
1,1,,0,1,,141654,,
1,1,,0.078,0.922,,178956,,
0,0,,0.976,0.024,,187733,,
0,0,,0.858,0.142,,153844,,
1,1,,0.004,0.996,,148236,,
0,0,,0.93,0.07,,151162,,
1,1,,0.116,0.884,,151405,,
1,1,,0.012,0.988,,272336,,
1,1,,0.002,0.998,,190660,,
1,1,,0.012,0.988,,138240,,
0,0,,0.876,0.124,,140922,,
1,1,,0.028,0.972,,142873,,
0,0,,0.996,0.004,,142872,,
1,1,,0.002,0.998,,137508,,
1,1,,0.002,0.998,,138484,,
1,1,,0.042,0.958,,137752,,
1,1,,0.176,0.824,,142872,,
0,0,,0.968,0.032,,141165,,
0,0,,0.856,0.144,,250880,,
1,1,,0.102,0.898,,198949,,
0,0,,0.882,0.118,,145798,,
1,1,,0.022,0.978,,138727,,
0,0,,0.856,0.144,,187733,,
1,1,,0,1,,270141,,
1,1,,0.062,0.938,,231131,,
0,0,,0.872,0.128,,252831,,
0,0,,0.982,0.018,,268922,,
1,1,,0,1,,250880,,
0,0,,0.988,0.012,,253806,,
0,0,,0.992,0.008,,239178,,
0,0,,0.956,0.044,,139703,,
1,1,,0.076,0.924,,232107,,
0,0,,0.812,0.188,,201387,,
1,1,,0.016,0.984,,141653,,
0,0,,0.94,0.06,,139702,,
1,1,,0.1,0.9,,145798,,
1,0,,0.734,0.266,,266728,,
1,1,,0.046,0.954,,313783,,
0,0,,0.864,0.136,,216990,,
1,1,,0.002,0.998,,142141,,
0,0,,0.892,0.108,,142141,,
1,1,,0.01,0.99,,142141,,
0,0,,0.734,0.266,,139459,,
0,0,,0.832,0.168,,143848,,
1,1,,0,1,,139459,,
0,0,,0.892,0.108,,204800,,
1,1,,0.004,0.996,,142872,,
0,0,,0.862,0.138,,172129,,
1,1,,0,1,,252343,,
1,1,,0,1,,167254,,
1,1,,0.002,0.998,,140434,,
1,0,,0.88,0.12,,141898,,
1,1,,0,1,,140678,,
0,0,,0.968,0.032,,252099,,
0,0,,0.688,0.312,,707047,,
1,1,,0,1,,193585,,
1,1,,0,1,,155063,,
0,0,,0.986,0.014,,161402,,
1,1,,0,1,,171155,,
1,1,,0.002,0.998,,149455,,
0,0,,0.984,0.016,,152869,,
0,0,,0.966,0.034,,254050,,
1,1,,0,1,,232106,,
1,0,,0.908,0.092,,268679,,
1,1,,0.002,0.998,,233570,,
0,0,,0.972,0.028,,210164,,
0,0,,0.72,0.28,,215040,,
1,1,,0,1,,212602,,
0,0,,0.798,0.202,,195291,,
1,1,,0.082,0.918,,155063,,
1,1,,0.206,0.794,,153112,,
0,0,,0.99,0.01,,148236,,
1,1,,0.048,0.952,,155551,,
1,1,,0.292,0.708,,147261,,
1,1,,0.03,0.97,,149455,,
0,0,,0.872,0.128,,140435,,
0,1,,0.112,0.888,,158963,,
1,1,,0,1,,194072,,
1,1,,0.002,0.998,,194072,,
1,1,,0.016,0.984,,204312,,
1,1,,0,1,,175543,,
0,0,,0.834,0.166,,146042,,
1,0,,0.822,0.178,,183588,,
0,0,,0.976,0.024,,191878,,
1,1,,0.002,0.998,,178225,,
0,0,,0.526,0.474,,188465,,
0,0,,0.96,0.04,,155794,,
0,0,,0.976,0.024,,149943,,
1,1,,0,1,,150918,,
1,1,,0.256,0.744,,150674,,
1,1,,0,1,,141653,,
0,0,,0.85,0.15,,146286,,
1,1,,0,1,,140190,,
1,1,,0.178,0.822,,158963,,
1,1,,0.014,0.986,,199192,,
1,1,,0,1,,194316,,
0,0,,0.912,0.088,,147505,,
1,1,,0.002,0.998,,152137,,
1,1,,0.002,0.998,,138483,,
0,0,,0.95,0.05,,198705,,
0,0,,0.98,0.02,,210651,,
0,0,,0.998,0.002,,208701,,
1,1,,0.006,0.994,,159207,,
1,1,,0,1,,148236,,
1,1,,0.016,0.984,,155063,,
0,0,,0.87,0.13,,148724,,
0,0,,0.836,0.164,,145310,,
1,1,,0,1,,149942,,
1,1,,0.042,0.958,,149455,,
1,1,,0.01,0.99,,142872,,
1,0,,0.842,0.158,,210163,,
1,1,,0,1,,338896,,
0,0,,0.866,0.134,,208701,,
1,1,,0,1,,219429,,
1,1,,0.026,0.974,,228693,,
0,0,,0.98,0.02,,188708,,
0,0,,0.846,0.154,,203825,,
0,0,,0.832,0.168,,203093,,
1,1,,0.072,0.928,,222598,,
1,1,,0.052,0.948,,171398,,
0,0,,0.904,0.096,,146286,,
1,1,,0,1,,208457,,
1,1,,0.028,0.972,,209676,,
0,0,,0.994,0.006,,223817,,
1,1,,0.036,0.964,,190659,,
1,1,,0.006,0.994,,203338,,
0,0,,1,0,,205775,,
1,1,,0,1,,218697,,
1,1,,0.064,0.936,,217235,,
0,0,,0.978,0.022,,157989,,
0,0,,0.91,0.09,,337920,,
0,0,,0.926,0.074,,312077,,
1,1,,0,1,,219672,,
0,0,,0.968,0.032,,209188,,
1,1,,0.036,0.964,,213821,,
0,0,,0.88,0.12,,249174,,
1,1,,0.25,0.75,,278431,,
1,1,,0.042,0.958,,175299,,
1,1,,0.002,0.998,,140191,,