ItalyPowerDemand,HIVE_COTE,train,0,NANOSECONDS,PREDICTIONS, Generated by BasicReproductionTests at 2019-10-09 18:44:51
weka_extras.classifiers.ensembles.HIVE_COTE, 2019-10-09 18:44:51, 1570643091743
0.9611273080660836,116190507468,102650897771,-1,-1,2,,-1,-1
1,1,,0.174579,0.825421,,124766887,,
1,1,,0.125364,0.874636,,128606645,,
1,1,,0.036441,0.963559,,133233664,,
1,0,,0.507273,0.492727,,122476052,,
1,1,,0.011525,0.988475,,122722056,,
0,0,,0.976642,0.023358,,116391783,,
1,1,,0.003635,0.996365,,129707689,,
1,1,,0.136651,0.863349,,119929217,,
1,1,,0.01818,0.98182,,129234454,,
1,1,,0.009001,0.990999,,134255470,,
1,1,,0.098742,0.901258,,139577103,,
1,1,,0.163875,0.836125,,130969648,,
1,1,,0.140889,0.859111,,122147397,,
0,0,,0.960321,0.039679,,124133470,,
0,0,,0.678269,0.321731,,132790418,,
1,1,,0.014137,0.985863,,129472657,,
0,0,,0.94487,0.05513,,125907673,,
0,0,,0.944953,0.055047,,118320074,,
0,0,,0.976194,0.023806,,137548850,,
1,1,,0.254907,0.745093,,145936145,,
0,0,,0.658001,0.341999,,121887252,,
0,0,,0.9591,0.0409,,127107703,,
1,1,,0.174896,0.825104,,125507825,,
0,0,,0.992483,0.007517,,135275325,,
1,1,,0.189723,0.810277,,132532711,,
0,0,,0.986249,0.013751,,123550034,,
0,0,,0.921858,0.078142,,134189641,,
0,0,,0.902865,0.097135,,117041536,,
1,1,,0.006517,0.993483,,132618044,,
0,0,,0.993871,0.006129,,131238814,,
0,0,,0.954939,0.045061,,132856246,,
0,0,,0.949612,0.050388,,137441818,,
0,0,,0.597529,0.402471,,130317945,,
1,1,,0.005779,0.994221,,134050670,,
1,1,,0.148349,0.851651,,135322869,,
0,0,,0.913848,0.086152,,140696189,,
1,1,,0.039727,0.960273,,190684717,,
0,0,,0.930607,0.069393,,166261577,,
1,1,,0.069036,0.930964,,164784090,,
0,0,,0.596427,0.403573,,216025557,,
1,1,,0.00254,0.99746,,181471396,,
1,1,,0.002175,0.997825,,186745485,,
1,1,,0.004682,0.995318,,202861057,,
1,1,,0.143756,0.856244,,177552644,,
0,0,,0.939786,0.060214,,182315221,,
1,1,,0.105456,0.894544,,189101418,,
1,1,,0.125085,0.874915,,128865815,,
0,0,,0.955606,0.044394,,136806694,,
1,1,,0.193424,0.806576,,137007592,,
0,0,,0.964214,0.035786,,127937388,,
1,1,,0.061606,0.938394,,135501093,,
1,1,,0.002175,0.997825,,143480739,,
1,1,,0.002175,0.997825,,138023060,,
1,1,,0.003245,0.996755,,131220771,,
0,0,,0.94204,0.05796,,134918632,,
1,1,,0.112033,0.887967,,139498108,,
1,1,,0.036574,0.963426,,116869407,,
1,1,,0.002175,0.997825,,124624747,,
1,1,,0.005152,0.994848,,123398384,,
1,1,,0.010258,0.989742,,127899353,,
1,1,,0.054127,0.945873,,119519373,,
1,1,,0.115709,0.884291,,125478080,,
1,1,,0.361954,0.638046,,121959176,,
1,1,,0.025403,0.974597,,140827602,,
0,0,,0.833539,0.166461,,133808811,,
1,1,,0.002905,0.997095,,123879908,,
1,1,,0.14177,0.85823,,129331003,,
0,0,,0.905817,0.094183,,123728258,,
1,1,,0.009089,0.990911,,112808758,,
1,1,,0.471697,0.528303,,116687525,,
1,1,,0.064983,0.935017,,132857953,,
1,1,,0.322812,0.677188,,115618419,,
1,0,,0.684455,0.315545,,123435443,,
0,0,,0.963139,0.036861,,115246366,,
0,0,,0.975205,0.024795,,120569218,,
1,1,,0.031769,0.968231,,130301609,,
0,0,,0.994967,0.005033,,116701422,,
1,1,,0.008317,0.991683,,126274606,,
0,0,,0.952402,0.047598,,122224929,,
0,0,,0.996501,0.003499,,152444642,,
0,0,,0.954495,0.045505,,155624895,,
1,1,,0.003636,0.996364,,147006226,,
1,1,,0.165806,0.834194,,133980697,,
1,0,,0.671074,0.328926,,113405603,,
1,1,,0.009511,0.990489,,122766674,,
1,1,,0.003295,0.996705,,123116784,,
1,1,,0.004852,0.995148,,119117575,,
0,0,,0.972394,0.027606,,114229436,,
1,1,,0.002175,0.997825,,114829451,,
1,0,,0.629119,0.370881,,114506891,,
1,1,,0.188806,0.811194,,115623539,,
0,0,,0.956798,0.043202,,114384255,,
0,0,,0.634485,0.365515,,113604308,,
0,0,,0.994237,0.005763,,120210574,,
1,1,,0.068502,0.931498,,121530315,,
0,0,,0.937066,0.062934,,113936133,,
1,1,,0.055256,0.944744,,120039907,,
0,0,,0.996501,0.003499,,117146130,,
0,0,,0.97272,0.02728,,113394145,,
0,0,,0.970784,0.029216,,116139928,,
1,1,,0.442842,0.557158,,165408000,,
1,1,,0.003732,0.996268,,155653177,,
0,0,,0.994967,0.005033,,134301306,,
1,1,,0.021699,0.978301,,129377571,,
0,0,,0.74589,0.25411,,125924008,,
1,1,,0.150366,0.849634,,138302709,,
0,0,,0.9728,0.0272,,122209080,,
0,0,,0.989279,0.010721,,120196433,,
1,1,,0.006826,0.993174,,132568796,,
0,0,,0.921042,0.078958,,121551039,,
0,0,,0.842372,0.157628,,115085939,,
0,0,,0.994602,0.005398,,124625478,,
1,1,,0.257957,0.742043,,124577204,,
0,0,,0.507913,0.492087,,115793474,,
0,0,,0.996501,0.003499,,116520515,,
1,1,,0.29227,0.70773,,119425507,,
0,0,,0.955676,0.044324,,137065376,,
0,0,,0.991624,0.008376,,117721277,,
0,0,,0.893424,0.106576,,121843367,,
0,0,,0.965051,0.034949,,126564984,,
0,0,,0.911099,0.088901,,120291031,,
1,1,,0.052597,0.947403,,119338954,,
1,1,,0.193229,0.806771,,122140814,,
1,1,,0.117672,0.882328,,113634297,,
1,1,,0.003732,0.996268,,124531123,,
0,0,,0.709207,0.290793,,122631846,,
0,0,,0.964634,0.035366,,125517821,,
1,1,,0.003732,0.996268,,124996800,,
0,0,,0.973787,0.026213,,113772537,,
1,1,,0.065073,0.934927,,117323137,,
0,0,,0.979878,0.020122,,110954585,,
1,1,,0.074687,0.925313,,118855967,,
1,1,,0.003278,0.996722,,114008301,,
1,1,,0.073217,0.926783,,111458296,,
0,0,,0.950948,0.049052,,112117069,,
0,0,,0.933232,0.066768,,122741073,,
1,0,,0.593615,0.406385,,124101531,,
0,0,,0.849017,0.150983,,127893258,,
0,0,,0.985895,0.014105,,133142722,,
1,1,,0.002564,0.997436,,130104124,,
1,1,,0.268328,0.731672,,132771889,,
0,0,,0.882653,0.117347,,113850556,,
1,1,,0.002175,0.997825,,126848534,,
1,1,,0.007116,0.992884,,130145327,,
0,0,,0.99465,0.00535,,116195273,,
0,0,,0.93973,0.06027,,122789592,,
0,0,,0.701384,0.298616,,121138269,,
0,0,,0.944808,0.055192,,127488778,,
0,0,,0.844048,0.155952,,134157946,,
1,1,,0.107586,0.892414,,129045990,,
0,0,,0.984871,0.015129,,124902202,,
1,1,,0.0672,0.9328,,130978669,,
0,0,,0.979273,0.020727,,138006725,,
0,0,,0.88582,0.11418,,129421457,,
0,0,,0.966819,0.033181,,122329279,,
1,1,,0.005907,0.994093,,126824153,,
1,1,,0.002175,0.997825,,125982522,,
1,1,,0.002929,0.997071,,129393907,,
1,1,,0.060335,0.939665,,125985691,,
0,0,,0.899026,0.100974,,128443781,,
1,1,,0.090344,0.909656,,128632246,,
1,1,,0.187362,0.812638,,128933838,,
1,1,,0.148391,0.851609,,128081724,,
0,0,,0.981061,0.018939,,124814674,,
1,1,,0.004317,0.995683,,123790430,,
1,1,,0.004682,0.995318,,137399882,,
0,0,,0.919091,0.080909,,130111194,,
0,0,,0.943409,0.056591,,126948496,,
1,1,,0.042415,0.957585,,121433522,,
1,1,,0.00539,0.99461,,117216104,,
1,1,,0.018265,0.981735,,125363734,,
0,0,,0.906914,0.093086,,132725321,,
0,0,,0.980939,0.019061,,150480756,,
1,1,,0.010809,0.989191,,112878243,,
1,1,,0.003245,0.996755,,113327828,,
0,0,,0.908166,0.091834,,117444553,,
0,0,,0.841307,0.158693,,112685146,,
0,0,,0.969344,0.030656,,116768957,,
0,0,,0.95701,0.04299,,117750047,,
0,0,,0.917475,0.082525,,124102019,,
0,0,,0.899314,0.100686,,127584108,,
0,0,,0.916696,0.083304,,109683362,,
0,0,,0.995405,0.004595,,134381032,,
0,0,,0.927627,0.072373,,128597868,,
0,0,,0.939503,0.060497,,117621559,,
1,1,,0.003271,0.996729,,115588675,,
0,0,,0.993775,0.006225,,117653254,,
1,1,,0.010826,0.989174,,116305231,,
1,1,,0.005453,0.994547,,134899128,,
1,1,,0.015241,0.984759,,119641522,,
0,0,,0.795335,0.204665,,114392057,,
0,0,,0.859644,0.140356,,122963915,,
0,0,,0.996501,0.003499,,127257647,,
1,1,,0.082173,0.917827,,119904105,,
1,1,,0.004707,0.995293,,117564507,,
1,1,,0.131544,0.868456,,122238338,,
1,1,,0.095372,0.904628,,122049630,,
1,1,,0.002175,0.997825,,116880135,,
0,0,,0.973124,0.026876,,118914725,,
0,0,,0.879596,0.120404,,114333786,,
1,1,,0.06765,0.93235,,120124265,,
0,0,,0.943364,0.056636,,126041280,,
1,1,,0.013139,0.986861,,118378345,,
1,1,,0.005778,0.994222,,122839572,,
0,0,,0.969424,0.030576,,118748935,,
0,0,,0.994309,0.005691,,110645678,,
0,0,,0.954163,0.045837,,119731975,,
0,0,,0.971177,0.028823,,110833655,,
0,0,,0.931215,0.068785,,120497050,,
1,1,,0.025134,0.974866,,123647070,,
1,1,,0.154568,0.845432,,122608685,,
1,1,,0.168547,0.831453,,118959343,,
1,1,,0.00581,0.99419,,142898765,,
0,0,,0.972029,0.027971,,138872249,,
0,0,,0.958524,0.041476,,119810726,,
1,1,,0.036141,0.963859,,122869317,,
1,1,,0.004122,0.995878,,124995093,,
1,1,,0.002175,0.997825,,125452480,,
1,1,,0.276803,0.723197,,123550765,,
1,1,,0.205534,0.794466,,129526051,,
0,0,,0.991047,0.008953,,123434712,,
1,1,,0.012387,0.987613,,117801979,,
0,1,,0.483196,0.516804,,118235228,,
1,1,,0.002175,0.997825,,136941033,,
1,1,,0.043623,0.956377,,143716503,,
0,1,,0.466689,0.533311,,143149157,,
1,1,,0.006606,0.993394,,132455668,,
0,0,,0.599124,0.400876,,129581396,,
1,1,,0.003271,0.996729,,127095757,,
1,1,,0.024634,0.975366,,127733076,,
1,1,,0.012575,0.987425,,136701125,,
0,0,,0.988637,0.011363,,129460954,,
0,0,,0.965355,0.034645,,128527895,,
1,1,,0.002905,0.997095,,149585975,,
0,0,,0.946025,0.053975,,131463119,,
1,1,,0.00254,0.99746,,145567992,,
1,1,,0.03114,0.96886,,128598599,,
0,0,,0.996135,0.003865,,124716906,,
0,0,,0.94986,0.05014,,138511410,,
0,0,,0.850553,0.149447,,134801604,,
0,0,,0.98987,0.01013,,140358025,,
0,0,,0.99577,0.00423,,135127334,,
0,0,,0.932292,0.067708,,170020390,,
1,1,,0.056857,0.943143,,167102476,,
1,1,,0.006143,0.993857,,156545033,,
0,0,,0.994674,0.005326,,148008283,,
1,1,,0.073337,0.926663,,158196354,,
1,1,,0.129585,0.870415,,159850603,,
0,0,,0.971591,0.028409,,159005803,,
1,1,,0.24339,0.75661,,156233687,,
1,1,,0.00254,0.99746,,131890517,,
1,0,,0.70261,0.29739,,127265936,,
0,1,,0.312212,0.687788,,110451606,,
1,1,,0.002905,0.997095,,115871250,,
0,0,,0.973124,0.026876,,104846667,,
1,1,,0.071263,0.928737,,121308692,,
0,0,,0.996501,0.003499,,114517375,,
0,0,,0.980188,0.019812,,106147879,,
1,1,,0.051604,0.948396,,100256707,,
0,0,,0.874081,0.125919,,110463797,,
0,0,,0.755835,0.244165,,109604612,,
1,1,,0.074927,0.925073,,125861592,,
1,1,,0.098941,0.901059,,122284418,,
1,1,,0.054793,0.945207,,108754691,,
1,1,,0.025377,0.974623,,116325223,,
1,1,,0.062193,0.937807,,100778947,,
0,0,,0.996501,0.003499,,109953747,,
0,0,,0.987776,0.012224,,112550564,,
1,1,,0.026863,0.973137,,109841595,,
0,0,,0.987785,0.012215,,103358209,,
1,1,,0.111186,0.888814,,113475089,,
1,1,,0.046073,0.953927,,127944215,,
0,0,,0.949066,0.050934,,133307295,,
0,0,,0.996501,0.003499,,118364934,,
1,1,,0.175745,0.824255,,120593111,,
1,1,,0.002175,0.997825,,125319604,,
0,0,,0.952562,0.047438,,121588585,,
0,0,,0.996501,0.003499,,128005654,,
0,0,,0.994554,0.005446,,120628951,,
1,1,,0.003246,0.996754,,129202028,,
0,0,,0.972892,0.027108,,116989848,,
1,1,,0.256839,0.743161,,115263676,,
1,1,,0.07701,0.92299,,120912013,,
1,0,,0.52964,0.47036,,110432101,,
1,1,,0.232719,0.767281,,114316720,,
0,0,,0.996135,0.003865,,109338371,,
1,1,,0.004122,0.995878,,108085922,,
1,1,,0.004682,0.995318,,102972990,,
1,1,,0.095075,0.904925,,96162168,,
0,0,,0.996501,0.003499,,98850413,,
1,1,,0.125449,0.874551,,98929652,,
1,1,,0.253711,0.746289,,99043755,,
0,1,,0.12623,0.87377,,94662008,,
1,1,,0.00254,0.99746,,99325599,,
1,1,,0.134034,0.865966,,102612152,,
0,0,,0.994667,0.005333,,98622939,,
1,1,,0.056303,0.943697,,103686620,,
0,1,,0.12166,0.87834,,97294664,,
0,0,,0.996501,0.003499,,100428593,,
1,1,,0.039297,0.960703,,97256873,,
0,0,,0.847663,0.152337,,94864370,,
0,0,,0.991997,0.008003,,90506761,,
0,0,,0.519072,0.480928,,96345514,,
0,0,,0.996501,0.003499,,109869145,,
0,0,,0.996501,0.003499,,118107716,,
0,0,,0.950826,0.049174,,105021966,,
0,0,,0.99504,0.00496,,106009395,,
0,0,,0.941029,0.058971,,109310089,,
0,0,,0.946161,0.053839,,108780535,,
1,1,,0.003343,0.996657,,107326943,,
0,0,,0.993978,0.006022,,96597369,,
0,0,,0.995332,0.004668,,102236929,,
0,0,,0.99577,0.00423,,96465712,,
0,0,,0.994674,0.005326,,114378891,,
0,0,,0.99504,0.00496,,106324641,,
1,1,,0.040803,0.959197,,101947527,,
1,1,,0.033915,0.966085,,91582205,,
1,1,,0.199716,0.800284,,106483604,,
1,1,,0.069196,0.930804,,105540550,,
1,1,,0.002175,0.997825,,93937406,,
1,1,,0.15457,0.84543,,92958510,,
0,0,,0.946755,0.053245,,88760840,,
0,0,,0.994302,0.005698,,97810809,,
1,1,,0.033572,0.966428,,98381568,,
0,0,,0.995429,0.004571,,109225976,,
0,0,,0.979466,0.020534,,111839614,,
1,1,,0.019245,0.980755,,90730090,,
0,0,,0.902657,0.097343,,94043463,,
0,0,,0.969056,0.030944,,84805516,,
1,1,,0.06133,0.93867,,84411764,,
1,1,,0.164007,0.835993,,80393294,,
0,0,,0.996501,0.003499,,84678248,,
1,1,,0.012133,0.987867,,85879742,,
0,0,,0.968072,0.031928,,85472093,,
0,0,,0.994309,0.005691,,87326021,,
0,0,,0.857681,0.142319,,89543225,,
0,0,,0.996501,0.003499,,112900430,,
1,1,,0.00254,0.99746,,110741252,,
0,0,,0.993579,0.006421,,98084363,,
0,0,,0.974477,0.025523,,94479151,,
1,1,,0.191441,0.808559,,84487345,,
1,1,,0.0134,0.9866,,84499535,,
0,0,,0.986625,0.013375,,85549136,,
0,0,,0.996501,0.003499,,83606217,,
0,0,,0.994302,0.005698,,95362717,,
1,1,,0.003245,0.996755,,91051187,,
0,0,,0.995429,0.004571,,90075950,,
1,1,,0.002564,0.997436,,88454371,,
0,0,,0.996501,0.003499,,80586879,,
1,1,,0.167684,0.832316,,90723996,,
1,1,,0.032158,0.967842,,88662341,,
1,1,,0.00254,0.99746,,86823529,,
1,1,,0.003278,0.996722,,90851507,,
0,0,,0.982711,0.017289,,89990860,,
0,0,,0.727482,0.272518,,93493185,,
1,1,,0.06097,0.93903,,97414862,,
0,0,,0.945879,0.054121,,85732481,,
1,0,,0.676484,0.323516,,85382614,,
1,1,,0.139695,0.860305,,88582127,,
0,0,,0.902901,0.097099,,87715628,,
1,1,,0.030305,0.969695,,89843842,,
1,1,,0.052407,0.947593,,85932161,,
0,0,,0.98583,0.01417,,80355016,,
1,1,,0.178902,0.821098,,90571858,,
0,0,,0.963784,0.036216,,88145465,,
1,1,,0.002175,0.997825,,83944869,,
0,0,,0.947826,0.052174,,93047257,,
1,1,,0.053381,0.946619,,92953634,,
0,0,,0.882457,0.117543,,88478997,,
0,0,,0.910128,0.089872,,83444084,,
0,0,,0.995405,0.004595,,84751148,,
0,0,,0.996135,0.003865,,95588241,,
1,1,,0.070173,0.929827,,88267613,,
1,1,,0.074063,0.925937,,85801235,,
0,1,,0.361441,0.638559,,89361099,,
0,0,,0.992362,0.007638,,86381989,,
0,0,,0.973124,0.026876,,87926524,,
1,1,,0.043255,0.956745,,82888198,,
1,1,,0.07872,0.92128,,82757516,,
0,0,,0.963851,0.036149,,89505922,,
1,1,,0.007774,0.992226,,84926202,,
0,0,,0.991607,0.008393,,83171261,,
1,1,,0.06519,0.93481,,86906180,,
1,1,,0.002175,0.997825,,86314699,,
1,1,,0.059688,0.940312,,85973609,,
1,1,,0.026647,0.973353,,84786499,,
1,0,,0.65551,0.34449,,82358399,,
1,1,,0.007361,0.992639,,88862265,,
1,1,,0.027837,0.972163,,89218227,,
1,1,,0.079057,0.920943,,88388055,,
0,0,,0.961936,0.038064,,85936793,,
1,1,,0.081557,0.918443,,87532284,,
1,1,,0.01558,0.98442,,86580451,,
1,1,,0.049514,0.950486,,82404967,,
1,1,,0.002929,0.997071,,92144918,,
0,0,,0.937504,0.062496,,89723888,,
1,1,,0.05749,0.94251,,95287867,,
0,0,,0.963698,0.036302,,88022828,,
1,1,,0.002175,0.997825,,82649264,,
0,0,,0.988775,0.011225,,85006660,,
1,1,,0.339689,0.660311,,85420648,,
0,0,,0.966943,0.033057,,87750005,,
0,0,,0.902669,0.097331,,83508937,,
1,1,,0.116853,0.883147,,83812236,,
1,1,,0.003245,0.996755,,95775243,,
0,0,,0.995405,0.004595,,93454663,,
1,1,,0.177794,0.822206,,84949365,,
1,1,,0.024412,0.975588,,91028513,,
0,0,,0.995332,0.004668,,91963279,,
1,1,,0.102333,0.897667,,97986352,,
0,0,,0.996501,0.003499,,85268024,,
1,1,,0.104788,0.895212,,86136718,,
0,0,,0.99577,0.00423,,88875918,,
0,0,,0.965801,0.034199,,88167895,,
0,0,,0.996501,0.003499,,89678295,,
1,1,,0.055153,0.944847,,97318801,,
1,1,,0.002929,0.997071,,92599622,,
0,0,,0.538163,0.461837,,87238493,,
1,1,,0.102829,0.897171,,89873587,,
0,0,,0.959047,0.040953,,87702462,,
1,1,,0.064878,0.935122,,86450744,,
0,0,,0.990172,0.009828,,88461685,,
0,0,,0.934064,0.065936,,88582859,,
0,0,,0.988952,0.011048,,94801223,,
0,0,,0.969355,0.030645,,86637746,,
1,1,,0.046934,0.953066,,81962697,,
1,1,,0.002175,0.997825,,89824094,,
0,0,,0.930934,0.069066,,87109273,,
0,0,,0.996501,0.003499,,88483141,,
0,0,,0.935826,0.064174,,87873373,,
0,0,,0.949256,0.050744,,88835690,,
1,1,,0.043439,0.956561,,92484057,,
0,0,,0.989244,0.010756,,86776961,,
0,0,,0.993871,0.006129,,90222723,,
1,1,,0.021389,0.978611,,86787201,,
1,1,,0.024397,0.975603,,94729055,,
1,1,,0.125217,0.874783,,93787707,,
0,0,,0.984302,0.015698,,87840947,,
0,0,,0.996135,0.003865,,85234866,,
1,1,,0.002175,0.997825,,80718048,,
0,0,,0.969774,0.030226,,85739795,,
0,0,,0.992135,0.007865,,82789943,,
0,0,,0.963154,0.036846,,89836041,,
1,1,,0.002175,0.997825,,86853517,,
0,0,,0.947826,0.052174,,84019718,,
1,1,,0.085755,0.914245,,82375467,,
1,1,,0.019121,0.980879,,139043891,,
1,1,,0.004098,0.995902,,101446742,,
1,1,,0.182941,0.817059,,153145351,,
1,1,,0.00254,0.99746,,139294527,,
0,0,,0.940156,0.059844,,133701779,,
0,0,,0.990608,0.009392,,180014389,,
0,0,,0.68414,0.31586,,149836123,,
0,0,,0.993628,0.006372,,99303412,,
0,0,,0.83839,0.16161,,122969036,,
1,1,,0.077509,0.922491,,88822524,,
0,0,,0.961751,0.038249,,98344265,,
0,0,,0.994578,0.005422,,91695576,,
1,1,,0.010852,0.989148,,91314502,,
1,1,,0.198083,0.801917,,92032278,,
0,0,,0.95541,0.04459,,85532557,,
0,0,,0.945879,0.054121,,94161467,,
0,0,,0.947096,0.052904,,85509639,,
1,1,,0.235065,0.764935,,88677944,,
1,1,,0.003271,0.996729,,93651173,,
0,0,,0.97086,0.02914,,85530607,,
1,1,,0.005755,0.994245,,82977920,,
0,0,,0.99099,0.00901,,83238796,,
1,1,,0.182959,0.817041,,81468006,,
1,0,,0.527459,0.472541,,84888656,,
0,0,,0.994357,0.005643,,85253639,,
0,0,,0.994967,0.005033,,83475779,,
0,0,,0.995405,0.004595,,89547126,,
1,1,,0.003278,0.996722,,83722027,,
0,0,,0.975935,0.024065,,83362164,,
0,0,,0.996501,0.003499,,81458254,,
0,1,,0.352593,0.647407,,92704460,,
1,1,,0.100836,0.899164,,78877773,,
0,0,,0.941593,0.058407,,82480793,,
0,0,,0.947096,0.052904,,88540680,,
0,0,,0.947027,0.052973,,82954027,,
0,0,,0.968897,0.031103,,85661533,,
1,1,,0.047514,0.952486,,80440350,,
0,0,,0.977031,0.022969,,89493488,,
0,0,,0.697585,0.302415,,87420619,,
1,1,,0.00539,0.99461,,82405699,,
0,0,,0.914196,0.085804,,84930591,,
0,0,,0.976642,0.023358,,87152428,,
1,1,,0.005655,0.994345,,84507581,,
1,1,,0.047248,0.952752,,83855879,,
1,1,,0.108276,0.891724,,81111557,,
0,0,,0.972259,0.027741,,79890071,,
1,1,,0.003295,0.996705,,88622600,,
0,0,,0.867191,0.132809,,85132953,,
0,0,,0.755351,0.244649,,82669501,,
0,0,,0.925843,0.074157,,81142033,,
1,1,,0.00254,0.99746,,82015847,,
0,0,,0.912128,0.087872,,86652375,,
1,1,,0.012215,0.987785,,77057004,,
0,0,,0.946731,0.053269,,85292892,,
0,0,,0.951904,0.048096,,98641469,,
1,1,,0.00254,0.99746,,89367682,,
0,0,,0.98846,0.01154,,98081438,,
0,0,,0.944362,0.055638,,93682625,,
1,1,,0.111077,0.888923,,86938851,,
0,0,,0.992889,0.007111,,91997412,,
1,1,,0.060296,0.939704,,82624884,,
0,0,,0.996501,0.003499,,91427630,,
0,0,,0.942658,0.057342,,83660099,,
0,0,,0.926995,0.073005,,81074986,,
0,0,,0.902003,0.097997,,81532129,,
0,0,,0.973124,0.026876,,83999482,,
0,0,,0.982352,0.017648,,83177356,,
1,1,,0.032341,0.967659,,84470034,,
0,0,,0.994334,0.005666,,85231696,,
0,0,,0.932628,0.067372,,83805410,,
1,1,,0.002175,0.997825,,90381930,,
1,1,,0.005414,0.994586,,95681620,,
1,1,,0.002564,0.997436,,87040032,,
0,0,,0.976666,0.023334,,78218269,,
0,0,,0.941335,0.058665,,83832229,,
1,1,,0.286453,0.713547,,83518689,,
0,0,,0.962609,0.037391,,85890226,,
0,0,,0.95319,0.04681,,85556450,,
0,0,,0.964686,0.035314,,84504168,,
1,1,,0.161312,0.838688,,83309014,,
0,0,,0.945917,0.054083,,82384000,,
0,0,,0.933955,0.066045,,81785447,,
0,0,,0.943542,0.056458,,80903344,,
0,0,,0.978272,0.021728,,83655710,,
1,1,,0.100056,0.899944,,83895376,,
1,1,,0.12351,0.87649,,85184397,,
0,0,,0.84405,0.15595,,81416076,,
0,0,,0.962446,0.037554,,79759877,,
1,1,,0.241262,0.758738,,83780297,,
1,0,,0.796834,0.203166,,83425310,,
1,1,,0.137618,0.862382,,84197212,,
0,0,,0.942966,0.057034,,83645227,,
1,1,,0.027544,0.972456,,87499613,,
1,1,,0.197076,0.802924,,88008688,,
1,1,,0.301844,0.698156,,84633143,,
0,0,,0.988197,0.011803,,82758491,,
1,1,,0.103154,0.896846,,93066762,,
0,0,,0.942628,0.057372,,79727450,,
1,1,,0.004463,0.995537,,87592017,,
1,1,,0.008287,0.991713,,82899657,,
1,1,,0.043052,0.956948,,81436799,,
1,1,,0.113499,0.886501,,79010406,,
0,0,,0.996135,0.003865,,81833722,,
0,0,,0.935376,0.064624,,95818153,,
1,0,,0.733457,0.266543,,83491627,,
0,0,,0.907207,0.092793,,81788860,,
1,1,,0.061742,0.938258,,86865220,,
0,0,,0.994943,0.005057,,85902904,,
1,1,,0.168024,0.831976,,87768291,,
0,0,,0.965329,0.034671,,81034758,,
0,0,,0.992338,0.007662,,90439957,,
0,0,,0.947826,0.052174,,84797471,,
0,0,,0.917523,0.082477,,93236697,,
1,1,,0.002175,0.997825,,89837991,,
1,1,,0.00254,0.99746,,82379611,,
1,1,,0.255692,0.744308,,80877744,,
1,1,,0.107606,0.892394,,81347322,,
1,1,,0.007898,0.992102,,86310553,,
0,0,,0.874349,0.125651,,85338972,,
0,0,,0.884083,0.115917,,90216383,,
1,1,,0.003245,0.996755,,83084708,,
1,1,,0.065463,0.934537,,78698086,,
0,0,,0.9863,0.0137,,88306866,,
1,1,,0.258644,0.741356,,87023209,,
1,1,,0.002564,0.997436,,85035429,,
0,0,,0.947096,0.052904,,85721753,,
1,1,,0.037043,0.962957,,82621714,,
0,0,,0.992704,0.007296,,88343926,,
0,0,,0.981714,0.018286,,85744671,,
0,0,,0.996501,0.003499,,81079131,,
0,0,,0.898352,0.101648,,86275932,,
0,0,,0.979775,0.020225,,88079148,,
0,0,,0.995332,0.004668,,81452891,,
0,0,,0.905879,0.094121,,86386866,,
0,0,,0.975918,0.024082,,84957410,,
0,0,,0.545295,0.454705,,80637348,,
1,1,,0.085738,0.914262,,82072167,,
1,1,,0.315928,0.684072,,85602043,,
0,0,,0.931451,0.068549,,84480762,,
1,1,,0.00939,0.99061,,86328108,,
0,0,,0.996501,0.003499,,83257813,,
1,1,,0.187151,0.812849,,84473692,,
1,1,,0.032564,0.967436,,84210621,,
0,0,,0.932908,0.067092,,82077774,,
0,0,,0.78906,0.21094,,81311481,,
0,0,,0.969191,0.030809,,79249096,,
0,0,,0.994334,0.005666,,80894079,,
1,1,,0.101729,0.898271,,90113008,,
1,1,,0.060945,0.939055,,85111985,,
0,0,,0.987273,0.012727,,101519884,,
0,0,,0.919461,0.080539,,92757854,,
0,0,,0.985463,0.014537,,90877839,,
1,1,,0.207782,0.792218,,108968756,,
0,0,,0.99577,0.00423,,203509347,,
1,1,,0.004317,0.995683,,135982861,,
0,0,,0.961007,0.038993,,127970546,,
1,1,,0.030311,0.969689,,114267470,,
1,1,,0.002175,0.997825,,179159106,,
0,0,,0.625692,0.374308,,156768606,,
1,1,,0.034105,0.965895,,185140974,,
1,1,,0.002175,0.997825,,142727367,,
1,1,,0.003246,0.996754,,119231434,,
1,1,,0.005413,0.994587,,99940973,,
0,0,,0.996501,0.003499,,109293022,,
0,0,,0.991387,0.008613,,131151530,,
0,0,,0.909655,0.090345,,101417240,,
1,1,,0.002175,0.997825,,107362294,,
0,0,,0.915565,0.084435,,124729828,,
0,0,,0.851338,0.148662,,117921689,,
0,0,,0.995332,0.004668,,98158725,,
0,0,,0.947391,0.052609,,83836861,,
1,1,,0.002175,0.997825,,87348451,,
0,0,,0.933326,0.066674,,99802002,,
1,1,,0.124744,0.875256,,88870798,,
1,1,,0.081961,0.918039,,94145131,,
0,0,,0.996501,0.003499,,86686020,,
0,0,,0.940535,0.059465,,89925274,,
1,1,,0.004008,0.995992,,89616369,,
0,0,,0.880292,0.119708,,87302127,,
0,0,,0.982833,0.017167,,83525029,,
1,1,,0.061543,0.938457,,83857097,,
1,1,,0.002175,0.997825,,80781439,,
1,1,,0.13512,0.86488,,84217936,,
0,0,,0.779747,0.220253,,88460954,,
0,0,,0.819587,0.180413,,86988832,,
1,1,,0.036004,0.963996,,92600354,,
1,1,,0.238374,0.761626,,84442728,,
1,1,,0.002175,0.997825,,89259675,,
1,1,,0.003343,0.996657,,89302341,,
1,1,,0.023933,0.976067,,98986947,,
0,0,,0.996501,0.003499,,84949364,,
1,1,,0.019898,0.980102,,94093932,,
0,1,,0.35531,0.64469,,84874515,,
0,0,,0.995405,0.004595,,92856354,,
1,1,,0.060934,0.939066,,90252955,,
0,0,,0.974638,0.025362,,88456566,,
1,1,,0.003245,0.996755,,87509853,,
1,1,,0.197858,0.802142,,96159243,,
0,0,,0.933306,0.066694,,85803429,,
0,0,,0.968207,0.031793,,81764236,,
1,1,,0.266987,0.733013,,83043261,,
0,0,,0.896109,0.103891,,85313616,,
0,0,,0.970154,0.029846,,83287070,,
0,0,,0.994262,0.005738,,87636146,,
0,0,,0.94564,0.05436,,80870186,,
0,0,,0.920384,0.079616,,79873005,,
1,1,,0.411909,0.588091,,83496990,,
1,1,,0.076055,0.923945,,81522864,,
1,1,,0.207642,0.792358,,85436253,,
1,1,,0.065982,0.934018,,86499018,,
0,0,,0.97282,0.02718,,81957577,,
0,0,,0.996135,0.003865,,86999559,,
0,0,,0.899907,0.100093,,84292541,,
1,1,,0.009869,0.990131,,83527223,,
1,1,,0.005389,0.994611,,80201172,,
0,0,,0.943605,0.056395,,84473448,,
1,1,,0.07668,0.92332,,89617587,,
1,1,,0.005534,0.994466,,90058151,,
1,1,,0.04467,0.95533,,81693531,,
0,0,,0.996501,0.003499,,80875062,,
1,1,,0.006889,0.993111,,86045776,,
0,0,,0.892033,0.107967,,84099932,,
0,0,,0.897344,0.102656,,84626561,,
0,0,,0.990341,0.009659,,85017631,,
0,0,,0.920257,0.079743,,87238737,,
0,0,,0.98776,0.01224,,78889232,,
1,1,,0.175905,0.824095,,83990218,,
1,1,,0.023883,0.976117,,86553876,,
0,0,,0.87296,0.12704,,80780952,,
1,1,,0.006175,0.993825,,80691961,,
1,1,,0.003278,0.996722,,82917455,,
1,1,,0.002175,0.997825,,84719695,,
1,1,,0.05845,0.94155,,93278876,,
0,0,,0.965189,0.034811,,82156038,,
0,0,,0.734104,0.265896,,95477307,,
0,0,,0.75333,0.24667,,93467585,,
1,1,,0.003708,0.996292,,86135254,,
1,0,,0.948554,0.051446,,90776658,,
0,0,,0.950466,0.049534,,83543802,,
0,0,,0.841701,0.158299,,87222157,,
1,1,,0.005169,0.994831,,84644115,,
1,1,,0.002175,0.997825,,88537023,,
0,0,,0.974293,0.025707,,95527044,,
0,0,,0.975959,0.024041,,90265390,,
0,0,,0.905709,0.094291,,97485567,,
1,1,,0.164017,0.835983,,91236483,,
1,1,,0.047157,0.952843,,83797607,,
0,0,,0.78593,0.21407,,82956952,,
0,0,,0.995332,0.004668,,85159528,,
1,1,,0.152659,0.847341,,86950066,,
0,0,,0.847786,0.152214,,93430038,,
1,1,,0.033618,0.966382,,86894965,,
1,1,,0.002175,0.997825,,94731981,,
1,1,,0.004511,0.995489,,81409492,,
0,0,,0.970695,0.029305,,84489539,,
1,1,,0.002175,0.997825,,81606735,,
1,0,,0.628954,0.371046,,84280107,,
0,0,,0.974441,0.025559,,92088841,,
0,0,,0.992331,0.007669,,90687423,,
0,0,,0.919527,0.080473,,99402155,,
1,0,,0.737804,0.262196,,85082485,,
1,1,,0.004415,0.995585,,85106378,,
0,0,,0.993944,0.006056,,85023482,,
0,0,,0.976642,0.023358,,84660450,,
1,1,,0.012376,0.987624,,87388436,,
1,1,,0.12668,0.87332,,84059216,,
0,0,,0.946,0.054,,89984033,,
1,1,,0.107303,0.892697,,85851460,,
0,0,,0.996135,0.003865,,84764800,,
0,0,,0.975773,0.024227,,93994945,,
1,1,,0.002564,0.997436,,90671332,,
0,0,,0.978465,0.021535,,85599361,,
1,1,,0.002929,0.997071,,86309578,,
1,1,,0.269798,0.730202,,87502782,,
1,1,,0.108303,0.891697,,83314377,,
1,1,,0.135126,0.864874,,103659071,,
1,1,,0.023178,0.976822,,84112609,,
1,1,,0.216074,0.783926,,85143681,,
1,1,,0.023178,0.976822,,82475184,,
0,0,,0.832641,0.167359,,79285667,,
1,1,,0.055653,0.944347,,89494951,,
1,1,,0.006851,0.993149,,87181442,,
0,0,,0.968183,0.031817,,90469701,,
0,0,,0.528377,0.471623,,86109411,,
1,1,,0.031727,0.968273,,85623254,,
1,1,,0.008325,0.991675,,83226850,,
0,0,,0.915214,0.084786,,83793950,,
1,1,,0.14769,0.85231,,81331474,,
0,0,,0.983718,0.016282,,85270218,,
1,0,,0.525707,0.474293,,88493869,,
0,0,,0.969167,0.030833,,84072625,,
1,1,,0.010438,0.989562,,85959712,,
1,1,,0.323357,0.676643,,85842196,,
0,0,,0.951861,0.048139,,83184670,,
1,1,,0.114438,0.885562,,84230126,,
0,0,,0.962547,0.037453,,84175269,,
1,1,,0.002905,0.997095,,87449144,,
0,0,,0.970044,0.029956,,81927344,,
0,0,,0.894738,0.105262,,89140452,,
1,1,,0.002175,0.997825,,84471254,,
1,1,,0.054643,0.945357,,107402767,,
0,0,,0.985596,0.014404,,88570668,,
0,0,,0.980806,0.019194,,90767881,,
0,0,,0.969023,0.030977,,82347428,,
1,1,,0.006922,0.993078,,82031208,,
0,0,,0.765115,0.234885,,86722348,,
0,0,,0.626343,0.373657,,90753983,,
1,1,,0.036719,0.963281,,83517471,,
0,0,,0.905733,0.094267,,81959284,,
0,1,,0.112284,0.887716,,83138103,,
0,0,,0.946365,0.053635,,83019855,,
0,0,,0.990536,0.009464,,84982035,,
1,1,,0.033419,0.966581,,86696505,,
1,0,,0.610626,0.389374,,80418406,,
0,0,,0.873806,0.126194,,84797714,,
1,1,,0.04689,0.95311,,86520961,,
0,1,,0.039504,0.960496,,89730227,,
0,0,,0.995032,0.004968,,89337206,,
1,1,,0.022406,0.977594,,89280399,,
0,0,,0.955639,0.044361,,83584274,,
0,0,,0.991673,0.008327,,82179687,,
0,0,,0.989123,0.010877,,83948526,,
1,1,,0.43792,0.56208,,88723050,,
1,1,,0.011526,0.988474,,89145571,,
1,1,,0.007564,0.992436,,102632145,,
0,0,,0.917902,0.082098,,95179371,,
0,0,,0.906872,0.093128,,100214771,,
0,0,,0.985312,0.014688,,99210520,,
1,1,,0.023112,0.976888,,88168871,,
0,0,,0.889372,0.110628,,79409522,,
0,0,,0.535111,0.464889,,89271621,,
1,1,,0.040215,0.959785,,85543772,,
1,1,,0.002564,0.997436,,82588800,,
1,1,,0.06229,0.93771,,84661426,,
1,1,,0.354998,0.645002,,82940129,,
0,0,,0.970496,0.029504,,82739718,,
0,0,,0.941589,0.058411,,82744350,,
0,0,,0.972394,0.027606,,82936959,,
0,0,,0.873562,0.126438,,81818605,,
0,0,,0.95372,0.04628,,87581777,,
0,0,,0.989099,0.010901,,84076038,,
0,0,,0.96694,0.03306,,88717686,,
1,1,,0.051214,0.948786,,81898087,,
1,1,,0.01564,0.98436,,82968412,,
0,0,,0.977724,0.022276,,82168716,,
1,0,,0.563082,0.436918,,82892830,,
1,1,,0.13588,0.86412,,87641266,,
0,0,,0.993506,0.006494,,84110903,,
1,1,,0.112534,0.887466,,88476314,,
1,1,,0.038203,0.961797,,89170684,,
0,0,,0.973874,0.026126,,84854522,,
1,1,,0.008082,0.991918,,86548024,,
0,0,,0.956554,0.043446,,81630872,,
1,0,,0.965039,0.034961,,84957897,,
1,1,,0.05192,0.94808,,81067671,,
1,1,,0.071334,0.928666,,80802407,,
0,0,,0.793227,0.206773,,87268238,,
0,0,,0.944094,0.055906,,84642651,,
0,0,,0.930723,0.069277,,98007807,,
0,0,,0.896957,0.103043,,89958189,,
1,1,,0.00439,0.99561,,82267459,,
0,0,,0.811145,0.188855,,86736245,,
0,0,,0.993506,0.006494,,87707582,,
1,1,,0.456237,0.543763,,87930668,,
0,0,,0.948174,0.051826,,90954639,,
0,0,,0.845226,0.154774,,79911526,,
0,1,,0.135635,0.864365,,84080915,,
0,0,,0.992752,0.007248,,83834423,,
1,1,,0.074264,0.925736,,81838110,,
0,0,,0.995405,0.004595,,79391236,,
1,1,,0.007556,0.992444,,85945815,,
1,1,,0.062386,0.937614,,85506713,,
0,0,,0.989879,0.010121,,83108602,,
0,0,,0.959279,0.040721,,81145934,,
0,0,,0.98853,0.01147,,83784930,,
0,0,,0.965198,0.034802,,84681174,,
0,0,,0.95735,0.04265,,82701927,,
0,0,,0.930377,0.069623,,81501896,,
0,0,,0.992062,0.007938,,79736959,,
1,1,,0.363266,0.636734,,81267840,,
1,1,,0.112251,0.887749,,85443323,,
0,0,,0.763941,0.236059,,84343497,,
0,0,,0.964141,0.035859,,83588176,,
0,0,,0.95419,0.04581,,88991240,,
1,1,,0.042337,0.957663,,84658499,,
0,0,,0.917381,0.082619,,83459931,,
1,1,,0.003271,0.996729,,84862080,,
0,0,,0.969637,0.030363,,82757760,,
0,0,,0.925081,0.074919,,85915094,,
0,0,,0.989562,0.010438,,92398723,,
0,0,,0.909324,0.090676,,87253365,,
1,1,,0.00797,0.99203,,81287344,,
0,0,,0.994309,0.005691,,79141088,,
1,1,,0.009543,0.990457,,84863055,,
0,0,,0.961861,0.038139,,86415636,,
1,1,,0.031734,0.968266,,81409249,,
1,1,,0.002175,0.997825,,122559191,,
0,0,,0.864065,0.135935,,93514884,,
1,1,,0.317701,0.682299,,84022888,,
0,0,,0.992201,0.007799,,85766126,,
1,1,,0.0957,0.9043,,82925745,,
1,1,,0.034602,0.965398,,87701975,,
0,0,,0.968776,0.031224,,86907155,,
0,0,,0.988807,0.011193,,89348665,,
0,0,,0.994309,0.005691,,116786755,,
0,0,,0.996501,0.003499,,86229853,,
0,0,,0.968645,0.031355,,84234027,,
0,1,,0.014665,0.985335,,84864275,,
0,0,,0.989839,0.010161,,82629516,,
1,1,,0.09535,0.90465,,86153540,,
0,0,,0.927985,0.072015,,91725809,,
1,1,,0.056238,0.943762,,81496045,,
1,1,,0.008359,0.991641,,83902446,,
1,1,,0.005103,0.994897,,86724786,,
0,0,,0.931329,0.068671,,85606188,,
1,1,,0.354744,0.645256,,96990146,,
1,1,,0.419067,0.580933,,96646618,,
0,0,,0.927903,0.072097,,95566297,,
0,0,,0.915012,0.084988,,95520706,,
0,0,,0.971656,0.028344,,95034793,,
1,1,,0.039293,0.960707,,94562778,,
1,1,,0.072215,0.927785,,97040614,,
0,0,,0.990529,0.009471,,84201600,,
1,1,,0.00793,0.99207,,81709866,,
0,0,,0.665946,0.334054,,86202545,,
1,1,,0.058153,0.941847,,91734585,,
1,0,,0.546456,0.453544,,85351894,,
0,0,,0.922143,0.077857,,81994879,,
1,1,,0.052407,0.947593,,91516864,,
1,1,,0.011963,0.988037,,80126810,,
0,0,,0.951842,0.048158,,89827507,,
0,0,,0.940521,0.059479,,85782949,,
0,0,,0.932232,0.067768,,82241127,,
1,1,,0.023771,0.976229,,79933957,,
0,0,,0.91891,0.08109,,87961876,,
1,1,,0.119878,0.880122,,83325348,,
1,1,,0.045772,0.954228,,85343604,,
1,1,,0.002175,0.997825,,83735436,,
1,0,,0.521529,0.478471,,84234028,,
0,0,,0.959843,0.040157,,86027978,,
1,1,,0.121825,0.878175,,81795931,,
1,1,,0.004122,0.995878,,95906168,,
0,0,,0.973124,0.026876,,80078780,,
0,0,,0.910347,0.089653,,82192853,,
1,1,,0.054939,0.945061,,85564496,,
1,1,,0.193421,0.806579,,86179384,,
0,0,,0.992118,0.007882,,82264289,,
0,0,,0.896648,0.103352,,78152927,,
1,1,,0.042755,0.957245,,83113966,,
0,0,,0.978395,0.021605,,86436603,,
1,1,,0.133371,0.866629,,82947444,,
1,1,,0.053899,0.946101,,85662020,,
1,1,,0.005914,0.994086,,86510721,,
1,1,,0.033573,0.966427,,84960579,,
0,0,,0.907131,0.092869,,85095894,,
1,1,,0.102575,0.897425,,82613668,,
0,0,,0.994602,0.005398,,83891718,,
1,1,,0.040511,0.959489,,83241966,,
1,1,,0.004715,0.995285,,80705370,,
1,1,,0.017148,0.982852,,86409296,,
1,1,,0.113529,0.886471,,81102536,,
0,0,,0.920825,0.079175,,88619187,,
0,0,,0.965595,0.034405,,79859595,,
1,1,,0.374267,0.625733,,87474745,,
0,0,,0.857615,0.142385,,82563688,,
1,1,,0.17756,0.82244,,86796709,,
0,0,,0.969131,0.030869,,82987916,,
1,1,,0.050849,0.949151,,87069046,,
1,1,,0.100563,0.899437,,83191497,,
0,0,,0.972735,0.027265,,82775802,,
0,0,,0.972284,0.027716,,84303512,,
1,1,,0.050849,0.949151,,81653547,,
0,0,,0.992038,0.007962,,81140570,,
0,0,,0.994261,0.005739,,86692847,,
0,0,,0.976782,0.023218,,80335999,,
1,1,,0.144251,0.855749,,84193555,,
0,0,,0.777171,0.222829,,83514058,,
1,1,,0.067124,0.932876,,86205228,,
0,0,,0.962276,0.037724,,80168014,,
1,1,,0.159272,0.840728,,86742584,,
1,0,,0.86666,0.13334,,81159100,,
1,1,,0.09741,0.90259,,86644329,,
0,0,,0.928272,0.071728,,93339585,,
1,1,,0.00254,0.99746,,80345751,,
0,0,,0.924619,0.075381,,83109821,,
1,1,,0.025028,0.974972,,82827977,,
0,0,,0.896975,0.103025,,81203961,,
0,0,,0.843061,0.156939,,84962774,,
1,1,,0.002175,0.997825,,83917806,,
0,0,,0.935209,0.064791,,83096899,,
1,1,,0.002905,0.997095,,88412924,,
0,0,,0.971298,0.028702,,87032474,,
1,1,,0.052017,0.947983,,84649966,,
1,1,,0.005972,0.994028,,82364983,,
1,1,,0.006045,0.993955,,85927041,,
1,0,,0.901113,0.098887,,85263147,,
1,1,,0.002175,0.997825,,80786315,,
0,0,,0.989878,0.010122,,87081723,,
0,0,,0.604685,0.395315,,83594027,,
1,1,,0.002175,0.997825,,82880152,,
1,1,,0.003732,0.996268,,84353493,,
0,0,,0.944166,0.055834,,83309988,,
1,1,,0.031805,0.968195,,89132894,,
1,1,,0.030089,0.969911,,82331825,,
0,0,,0.959794,0.040206,,79999785,,
0,0,,0.932886,0.067114,,85557425,,
1,1,,0.002175,0.997825,,79869592,,
1,0,,0.94393,0.05607,,84018987,,
1,1,,0.024153,0.975847,,85379444,,
0,0,,0.984084,0.015916,,90787873,,
0,0,,0.784446,0.215554,,92202944,,
1,1,,0.004122,0.995878,,94819509,,
0,0,,0.948378,0.051622,,91378380,,
1,1,,0.164003,0.835997,,95284454,,
1,1,,0.121572,0.878428,,97208599,,
0,0,,0.993604,0.006396,,85396024,,
1,1,,0.124453,0.875547,,85290210,,
1,1,,0.303877,0.696123,,85284603,,
1,1,,0.010282,0.989718,,89650257,,
0,0,,0.973124,0.026876,,88694036,,
0,1,,0.078524,0.921476,,82722164,,
1,1,,0.003732,0.996268,,83899520,,
1,1,,0.009033,0.990967,,83078614,,
1,1,,0.054939,0.945061,,79475838,,
1,1,,0.002175,0.997825,,93360796,,
0,0,,0.8787,0.1213,,85150751,,
1,0,,0.905154,0.094846,,82506148,,
0,0,,0.987834,0.012166,,83731535,,
1,1,,0.002929,0.997071,,82350598,,
0,1,,0.340437,0.659563,,83491383,,
0,0,,0.932604,0.067396,,87966508,,
0,0,,0.989197,0.010803,,83478704,,
1,1,,0.002175,0.997825,,84534156,,
1,1,,0.139821,0.860179,,85850729,,
1,1,,0.006265,0.993735,,80329172,,
0,0,,0.964985,0.035015,,80684646,,
1,1,,0.003343,0.996657,,83332907,,
1,1,,0.305553,0.694447,,88253716,,
1,1,,0.111233,0.888767,,81923931,,
1,1,,0.00539,0.99461,,84142598,,
0,0,,0.970889,0.029111,,84752610,,
1,1,,0.014358,0.985642,,86052116,,
1,1,,0.004033,0.995967,,91182358,,
0,0,,0.959425,0.040575,,84574873,,
0,0,,0.917948,0.082052,,84304000,,
0,0,,0.994967,0.005033,,86929099,,
1,1,,0.056346,0.943654,,82288670,,
1,1,,0.004804,0.995196,,82745569,,
1,1,,0.075836,0.924164,,84309120,,
0,0,,0.972759,0.027241,,88669899,,
0,0,,0.898143,0.101857,,82100936,,
1,1,,0.002175,0.997825,,91071912,,
1,1,,0.077182,0.922818,,85560108,,
1,1,,0.035483,0.964517,,83505036,,
1,0,,0.862593,0.137407,,85243886,,
1,1,,0.007465,0.992535,,84693852,,
0,0,,0.959792,0.040208,,81451915,,
1,1,,0.002175,0.997825,,84714332,,
1,1,,0.18206,0.81794,,82675108,,
0,0,,0.962442,0.037558,,84141135,,
0,0,,0.937931,0.062069,,87893609,,
0,0,,0.927396,0.072604,,85486721,,
1,1,,0.06459,0.93541,,81936121,,
1,1,,0.220188,0.779812,,89590037,,
0,0,,0.934772,0.065228,,79942247,,
1,1,,0.003246,0.996754,,80016852,,
1,1,,0.052949,0.947051,,92152720,,
0,0,,0.951042,0.048958,,81571382,,
1,1,,0.21687,0.78313,,85353600,,
1,1,,0.006613,0.993387,,87306759,,
0,0,,0.947437,0.052563,,84805029,,
1,1,,0.004901,0.995099,,84952290,,
1,1,,0.155144,0.844856,,82023161,,
0,0,,0.990308,0.009692,,100333507,,
0,0,,0.926032,0.073968,,109044824,,
0,0,,0.975294,0.024706,,99132988,,
1,1,,0.002175,0.997825,,82746545,,
0,0,,0.977608,0.022392,,86217174,,
1,1,,0.068923,0.931077,,89426440,,
0,0,,0.949658,0.050342,,87354059,,
1,1,,0.156117,0.843883,,93539021,,
1,1,,0.079191,0.920809,,82261607,,
1,1,,0.005754,0.994246,,87024428,,