ItalyPowerDemand,PLSNominalClassifier,train,0,NANOSECONDS,PREDICTIONS, Generated by BasicReproductionTests at 2019-10-01 13:46:44
machine_learning.classifiers.PLSNominalClassifier, 2019-10-01 13:46:44, 1569934004215
0.9358600583090378,9794073,69218748,-1,-1,2,,-1,-1
1,1,,0,1,,237958,,
1,1,,0.116844,0.883156,,247710,,
1,1,,0,1,,682180,,
1,0,,0.970631,0.029369,,243809,,
1,1,,0.410647,0.589353,,182614,,
0,0,,1,0,,157501,,
1,1,,0,1,,136777,,
1,1,,0,1,,124831,,
1,1,,0.143206,0.856794,,120442,,
1,1,,0,1,,107521,,
1,1,,0,1,,123124,,
1,1,,0.266257,0.733743,,92648,,
1,1,,0.08662,0.91338,,131413,,
0,0,,0.877014,0.122986,,112396,,
0,0,,0.512277,0.487723,,104106,,
1,1,,0,1,,95086,,
0,0,,0.718142,0.281858,,91916,,
0,0,,0.789967,0.210033,,83140,,
0,0,,1,0,,64854,,
1,0,,0.507467,0.492533,,111421,,
0,0,,0.594194,0.405806,,94598,,
0,0,,1,0,,69730,,
1,1,,0.485573,0.514427,,86553,,
0,0,,0.892915,0.107085,,101913,,
1,1,,0.202509,0.797491,,96548,,
0,0,,1,0,,75093,,
0,0,,1,0,,53150,,
0,0,,1,0,,59002,,
1,1,,0,1,,50468,,
0,0,,1,0,,48030,,
0,0,,0.806936,0.193064,,48275,,
0,0,,0.871295,0.128705,,59246,,
0,1,,0.451421,0.548579,,49981,,
1,1,,0.015472,0.984528,,48030,,
1,1,,0,1,,48518,,
0,0,,0.82554,0.17446,,52420,,
1,1,,0,1,,55589,,
0,0,,0.86239,0.13761,,59733,,
1,1,,0.274565,0.725435,,48274,,
0,0,,0.633814,0.366186,,65341,,
1,1,,0.016412,0.983588,,49249,,
1,1,,0.191903,0.808097,,54857,,
1,1,,0.023446,0.976554,,48274,,
1,1,,0,1,,57783,,
0,0,,0.590097,0.409903,,77288,,
1,1,,0.448356,0.551644,,53882,,
1,1,,0.396688,0.603312,,49250,,
0,0,,0.798379,0.201621,,53639,,
1,0,,0.520779,0.479221,,60709,,
0,0,,0.527988,0.472012,,49005,,
1,1,,0,1,,47787,,
1,1,,0,1,,47543,,
1,1,,0.133753,0.866247,,47299,,
1,1,,0.225128,0.774872,,64609,,
0,0,,0.767322,0.232678,,88747,,
1,0,,0.575211,0.424789,,98499,,
1,1,,0.081361,0.918639,,114591,,
1,1,,0.290196,0.709804,,95330,,
1,1,,0.089733,0.910267,,107277,,
1,1,,0.355801,0.644199,,96061,,
1,1,,0.143778,0.856222,,95329,,
1,1,,0,1,,85089,,
1,1,,0.445366,0.554634,,83139,,
1,1,,0.450129,0.549871,,99474,,
0,1,,0.468085,0.531915,,73630,,
1,1,,0.137733,0.862267,,170423,,
1,1,,0,1,,99231,,
0,0,,0.519645,0.480355,,148480,,
1,1,,0.359669,0.640331,,212114,,
1,1,,0.338847,0.661153,,113128,,
1,1,,0.385623,0.614377,,86553,,
1,0,,0.72764,0.27236,,115079,,
1,1,,0.139105,0.860895,,80457,,
0,0,,0.63691,0.36309,,77531,,
0,0,,1,0,,87040,,
1,1,,0.198163,0.801837,,87040,,
0,0,,0.806891,0.193109,,68023,,
1,1,,0,1,,96061,,
0,0,,1,0,,86065,,
0,0,,1,0,,80213,,
0,0,,0.719683,0.280317,,69486,,
1,1,,0.140752,0.859248,,78507,,
1,1,,0,1,,86796,,
1,1,,0.320252,0.679748,,78507,,
1,1,,0,1,,87772,,
1,1,,0.213965,0.786035,,79970,,
1,1,,0,1,,82407,,
0,0,,0.821799,0.178201,,81920,,
1,1,,0.055813,0.944187,,80213,,
1,1,,0.49369,0.50631,,95086,,
1,1,,0,1,,78019,,
0,0,,0.72454,0.27546,,76800,,
0,1,,0.454272,0.545728,,81920,,
0,0,,1,0,,83871,,
1,1,,0.074073,0.925927,,80701,,
0,0,,0.865081,0.134919,,118735,,
1,1,,0,1,,73874,,
0,0,,0.758555,0.241445,,48274,,
0,0,,0.876355,0.123645,,47055,,
0,0,,0.769002,0.230998,,87772,,
1,1,,0.414719,0.585281,,117272,,
1,1,,0.125633,0.874367,,42911,,
0,0,,0.975881,0.024119,,46323,,
1,1,,0.414752,0.585248,,40716,,
0,0,,0.603833,0.396167,,69974,,
1,1,,0,1,,73875,,
0,0,,0.732727,0.267273,,75825,,
0,0,,0.946334,0.053666,,71680,,
1,1,,0.297576,0.702424,,75093,,
0,0,,0.622796,0.377204,,74118,,
0,0,,0.591282,0.408718,,76556,,
0,0,,0.996145,0.003855,,81676,,
1,1,,0.098595,0.901405,,68267,,
0,0,,0.789157,0.210843,,52907,,
0,0,,1,0,,40716,,
1,1,,0,1,,48030,,
0,0,,0.540279,0.459721,,40960,,
0,0,,0.877412,0.122588,,38766,,
0,1,,0.482456,0.517544,,38034,,
0,0,,0.842008,0.157992,,46568,,
0,0,,0.58035,0.41965,,47787,,
1,1,,0,1,,40472,,
1,1,,0.430562,0.569438,,304274,,
1,1,,0,1,,313051,,
1,1,,0,1,,73142,,
0,0,,0.527343,0.472657,,63878,,
0,0,,0.519191,0.480809,,51931,,
1,1,,0.142103,0.857897,,40716,,
0,0,,0.916346,0.083654,,51200,,
1,1,,0,1,,52175,,
0,0,,0.7737,0.2263,,48518,,
1,1,,0,1,,39985,,
1,1,,0.08152,0.91848,,45836,,
1,1,,0,1,,38522,,
0,0,,0.854675,0.145325,,37791,,
0,0,,0.881848,0.118152,,69242,,
1,1,,0.193117,0.806883,,76556,,
0,0,,0.563942,0.436058,,85089,,
0,0,,0.951589,0.048411,,94355,,
1,1,,0,1,,115810,,
1,1,,0.342767,0.657233,,98012,,
0,0,,0.506279,0.493721,,98742,,
1,1,,0.181132,0.818868,,115078,,
1,1,,0,1,,42666,,
0,0,,0.591384,0.408616,,38278,,
0,0,,0.960199,0.039801,,38034,,
0,0,,0.542473,0.457527,,37547,,
0,0,,1,0,,37546,,
0,0,,0.784245,0.215755,,38035,,
1,1,,0,1,,37303,,
0,1,,0.448956,0.551044,,37303,,
1,1,,0.371126,0.628874,,37790,,
0,0,,0.992965,0.007035,,42423,,
0,0,,0.849431,0.150569,,851626,,
0,0,,0.637872,0.362128,,112152,,
1,1,,0,1,,71680,,
1,1,,0,1,,63634,,
1,1,,0,1,,381562,,
1,1,,0.320934,0.679066,,106789,,
0,0,,0.736549,0.263451,,98743,,
1,1,,0,1,,136778,,
1,1,,0.399307,0.600693,,87772,,
1,1,,0,1,,207238,,
0,0,,0.964757,0.035243,,85577,,
1,1,,0,1,,77531,,
1,1,,0,1,,95817,,
0,0,,0.870969,0.129031,,218210,,
0,0,,1,0,,68754,,
1,0,,0.583537,0.416463,,61684,,
1,1,,0,1,,110202,,
1,1,,0,1,,66316,,
0,0,,1,0,,91916,,
0,0,,0.946822,0.053178,,66316,,
1,1,,0,1,,174568,,
1,1,,0.034123,0.965877,,91184,,
0,0,,0.866664,0.133336,,95086,,
0,0,,0.618253,0.381747,,83383,,
0,0,,0.630035,0.369965,,99962,,
0,0,,0.774371,0.225629,,43154,,
0,0,,0.782522,0.217478,,59977,,
0,0,,0.535865,0.464135,,51444,,
0,0,,0.644296,0.355704,,36328,,
0,0,,0.733397,0.266603,,34621,,
0,0,,0.970708,0.029292,,44861,,
0,0,,0.921377,0.078623,,42422,,
1,1,,0.4722,0.5278,,76800,,
0,0,,0.824722,0.175278,,60709,,
1,1,,0.065158,0.934842,,73143,,
1,1,,0,1,,134827,,
1,1,,0.029503,0.970497,,616107,,
0,0,,0.862826,0.137174,,78506,,
0,1,,0.438538,0.561462,,96792,,
0,0,,0.910663,0.089337,,37547,,
1,1,,0,1,,36328,,
1,1,,0,1,,34621,,
1,1,,0.077406,0.922594,,34133,,
1,1,,0.140765,0.859235,,45104,,
1,1,,0,1,,34378,,
0,0,,0.910245,0.089755,,34134,,
0,0,,0.90786,0.09214,,34134,,
1,1,,0.24586,0.75414,,34133,,
0,0,,0.942478,0.057522,,33889,,
1,1,,0.028045,0.971955,,47055,,
1,1,,0,1,,36328,,
0,0,,1,0,,34378,,
0,0,,0.740941,0.259059,,51687,,
0,0,,0.922973,0.077027,,65828,,
0,0,,1,0,,46324,,
0,0,,0.985545,0.014455,,36328,,
1,1,,0.136501,0.863499,,75337,,
1,1,,0,1,,102400,,
1,1,,0.386419,0.613581,,76556,,
1,1,,0,1,,74118,,
0,0,,0.681195,0.318805,,43886,,
0,0,,1,0,,54370,,
1,1,,0.085539,0.914461,,198705,,
1,1,,0.241849,0.758151,,67535,,
1,1,,0,1,,62415,,
1,1,,0.162059,0.837941,,62659,,
1,1,,0,1,,65097,,
0,0,,0.867023,0.132977,,62903,,
1,1,,0.212475,0.787525,,62659,,
0,0,,0.81214,0.18786,,62903,,
1,1,,0.084692,0.915308,,63390,,
1,1,,0,1,,62659,,
0,0,,0.83887,0.16113,,63878,,
1,1,,0,1,,62171,,
0,1,,0.31825,0.68175,,64610,,
1,1,,0.055437,0.944563,,63390,,
1,1,,0.128073,0.871927,,63390,,
1,1,,0,1,,64366,,
0,0,,0.966211,0.033789,,63634,,
0,0,,0.785062,0.214938,,62415,,
1,1,,0,1,,61927,,
0,0,,1,0,,62172,,
1,1,,0.147262,0.852738,,64122,,
1,1,,0.122348,0.877652,,62903,,
0,0,,0.948554,0.051446,,133607,,
0,0,,0.96455,0.03545,,64366,,
0,0,,0.563802,0.436198,,62903,,
0,0,,0.815309,0.184691,,159208,,
0,0,,0.96576,0.03424,,79239,,
0,0,,1,0,,74362,,
1,1,,0.025925,0.974075,,47299,,
1,1,,0.138762,0.861238,,36327,,
0,0,,0.789081,0.210919,,69729,,
1,1,,0,1,,60465,,
1,0,,0.689227,0.310773,,35352,,
0,0,,0.816497,0.183503,,34377,,
1,1,,0.368672,0.631328,,34133,,
1,1,,0.191906,0.808094,,35353,,
1,1,,0.24232,0.75768,,34134,,
0,0,,0.521511,0.478489,,88746,,
1,1,,0.121964,0.878036,,99231,,
0,0,,0.949518,0.050482,,265996,,
1,1,,0,1,,95330,,
0,0,,0.834079,0.165921,,155795,,
0,0,,0.790344,0.209656,,68998,,
1,1,,0.269957,0.730043,,66316,,
0,0,,1,0,,68267,,
0,0,,1,0,,61440,,
1,1,,0,1,,68511,,
1,0,,0.669174,0.330826,,64365,,
1,1,,0.339521,0.660479,,64122,,
1,1,,0,1,,62903,,
1,1,,0.034458,0.965542,,62903,,
0,0,,0.758272,0.241728,,67048,,
0,0,,0.817274,0.182726,,65097,,
1,1,,0.451812,0.548188,,68754,,
0,0,,0.86169,0.13831,,64365,,
1,1,,0.327613,0.672387,,63390,,
1,1,,0.177949,0.822051,,67048,,
0,0,,0.756313,0.243687,,65828,,
0,0,,0.962754,0.037246,,69973,,
1,1,,0,1,,88503,,
1,1,,0.144998,0.855002,,92403,,
0,0,,0.975889,0.024111,,90454,,
0,0,,1,0,,57052,,
0,0,,0.927004,0.072996,,57783,,
1,1,,0.007238,0.992762,,58758,,
0,0,,0.743882,0.256118,,66560,,
1,1,,0.10426,0.89574,,67535,,
1,1,,0.228897,0.771103,,60464,,
1,0,,0.635687,0.364313,,62659,,
1,1,,0.13188,0.86812,,384244,,
0,0,,0.727728,0.272272,,122880,,
1,1,,0,1,,65341,,
1,1,,0.126131,0.873869,,78263,,
1,1,,0.412681,0.587319,,62171,,
0,0,,0.899484,0.100516,,61684,,
1,1,,0.42913,0.57087,,75093,,
1,0,,0.568424,0.431576,,48030,,
0,1,,0.423483,0.576517,,35109,,
1,1,,0.015803,0.984197,,33889,,
1,1,,0,1,,46324,,
0,0,,0.879214,0.120786,,39497,,
1,1,,0,1,,55832,,
0,1,,0.331152,0.668848,,41691,,
0,0,,0.988381,0.011619,,34865,,
1,1,,0.358371,0.641629,,33890,,
0,1,,0.28575,0.71425,,59490,,
0,0,,1,0,,294034,,
0,0,,0.786793,0.213207,,63147,,
0,0,,0.914125,0.085875,,51932,,
0,0,,1,0,,53395,,
0,0,,1,0,,59977,,
0,0,,0.700457,0.299543,,52175,,
0,0,,0.837477,0.162523,,88746,,
0,0,,1,0,,64122,,
1,1,,0.032585,0.967415,,65341,,
0,0,,0.95498,0.04502,,63878,,
0,0,,1,0,,60952,,
0,0,,1,0,,67779,,
0,0,,0.979362,0.020638,,65341,,
0,0,,1,0,,63390,,
1,1,,0.025469,0.974531,,59490,,
1,1,,0.197013,0.802987,,61684,,
1,1,,0,1,,64122,,
1,1,,0,1,,64853,,
1,1,,0.204937,0.795063,,65097,,
1,1,,0,1,,63634,,
0,0,,0.892472,0.107528,,67291,,
0,0,,0.839237,0.160763,,62903,,
1,1,,0,1,,64610,,
0,0,,0.864968,0.135032,,52662,,
0,0,,0.968859,0.031141,,35109,,
1,1,,0.304821,0.695179,,38034,,
0,0,,1,0,,33889,,
0,0,,1,0,,33646,,
1,1,,0.283013,0.716987,,33645,,
1,1,,0.245916,0.754084,,45836,,
0,0,,0.994391,0.005609,,51932,,
1,1,,0.125445,0.874555,,41447,,
0,0,,1,0,,34865,,
0,0,,0.918745,0.081255,,33889,,
0,0,,1,0,,34133,,
0,0,,1,0,,33890,,
1,1,,0.057809,0.942191,,33645,,
0,0,,1,0,,33890,,
0,0,,0.740701,0.259299,,34133,,
1,1,,0.159694,0.840306,,34133,,
1,1,,0.206553,0.793447,,33889,,
0,0,,1,0,,251124,,
0,0,,1,0,,117272,,
0,0,,0.800761,0.199239,,61440,,
1,1,,0.01412,0.98588,,47787,,
0,0,,0.91208,0.08792,,43885,,
1,1,,0.012073,0.987927,,47787,,
0,0,,0.922645,0.077355,,35108,,
1,1,,0,1,,33890,,
1,1,,0.220616,0.779384,,44130,,
1,1,,0.011748,0.988252,,34621,,
1,1,,0.131155,0.868845,,37059,,
0,0,,1,0,,39010,,
0,0,,1,0,,33889,,
1,1,,0.283667,0.716333,,33890,,
0,0,,0.781486,0.218514,,33645,,
1,1,,0.447035,0.552965,,33646,,
1,1,,0,1,,35596,,
0,0,,0.758817,0.241183,,76312,,
1,1,,0,1,,79482,,
1,1,,0.101942,0.898058,,66316,,
0,0,,0.739078,0.260922,,64610,,
1,1,,0.027021,0.972979,,133364,,
0,0,,0.707118,0.292882,,105569,,
1,1,,0.227865,0.772135,,49006,,
0,0,,0.973568,0.026432,,40228,,
1,1,,0.236806,0.763194,,34621,,
0,0,,1,0,,33646,,
0,0,,1,0,,36816,,
0,0,,1,0,,33646,,
0,0,,0.855746,0.144254,,33646,,
1,1,,0.367066,0.632934,,33401,,
1,1,,0.246247,0.753753,,33158,,
0,1,,0.341926,0.658074,,33646,,
0,0,,0.714581,0.285419,,33645,,
0,0,,1,0,,33646,,
1,1,,0,1,,33646,,
1,1,,0,1,,33402,,
0,0,,0.737259,0.262741,,33402,,
1,1,,0.104195,0.895805,,33646,,
0,0,,0.937993,0.062007,,33645,,
1,1,,0.360649,0.639351,,33646,,
1,1,,0,1,,39253,,
1,1,,0.141521,0.858479,,36571,,
1,1,,0.012737,0.987263,,33646,,
1,1,,0.244761,0.755239,,33645,,
1,1,,0.306507,0.693493,,33890,,
1,1,,0.056437,0.943563,,33645,,
1,1,,0,1,,34134,,
0,0,,1,0,,41203,,
1,1,,0.445203,0.554797,,35109,,
1,1,,0,1,,33889,,
1,1,,0.186091,0.813909,,33646,,
1,1,,0.194073,0.805927,,33889,,
0,0,,0.763136,0.236864,,33646,,
1,1,,0,1,,33890,,
0,0,,0.98695,0.01305,,33402,,
1,1,,0.047501,0.952499,,36572,,
0,0,,1,0,,33890,,
1,0,,0.522937,0.477063,,33645,,
0,0,,0.783006,0.216994,,33646,,
0,0,,1,0,,49249,,
1,1,,0.296307,0.703693,,52175,,
1,1,,0.1317,0.8683,,56564,,
0,0,,0.781175,0.218825,,56807,,
1,1,,0.102413,0.897587,,57783,,
1,1,,0.279277,0.720723,,64853,,
0,0,,0.945732,0.054268,,60952,,
1,1,,0,1,,60708,,
0,0,,0.939204,0.060796,,63391,,
1,1,,0,1,,212114,,
0,0,,0.877525,0.122475,,318903,,
0,0,,1,0,,36328,,
0,0,,0.674216,0.325784,,33889,,
1,1,,0.381101,0.618899,,62903,,
1,1,,0,1,,34133,,
0,1,,0.393554,0.606446,,57783,,
1,1,,0,1,,45104,,
0,0,,0.885535,0.114465,,63878,,
1,1,,0,1,,69486,,
0,0,,0.732843,0.267157,,37791,,
0,0,,0.592348,0.407652,,33645,,
0,0,,0.888987,0.111013,,33402,,
0,0,,0.705391,0.294609,,351086,,
1,1,,0.181852,0.818148,,45836,,
1,1,,0,1,,48030,,
0,0,,0.659494,0.340506,,120198,,
0,0,,0.986443,0.013557,,64366,,
0,0,,0.685619,0.314381,,57783,,
0,0,,0.975937,0.024063,,60221,,
1,1,,0.002839,0.997161,,58270,,
0,0,,0.980216,0.019784,,61684,,
0,0,,0.887508,0.112492,,57783,,
1,1,,0.370498,0.629502,,58515,,
1,1,,0.112539,0.887461,,98742,,
1,1,,0,1,,85089,,
0,0,,0.852689,0.147311,,59490,,
0,0,,0.962657,0.037343,,58514,,
1,1,,0,1,,66804,,
0,0,,1,0,,189440,,
0,0,,0.918903,0.081097,,68998,,
0,0,,0.881225,0.118775,,75581,,
1,1,,0,1,,42423,,
0,0,,1,0,,38278,,
1,1,,0.471586,0.528414,,59733,,
1,1,,0.386046,0.613954,,90941,,
1,1,,0.177085,0.822915,,94111,,
1,1,,0,1,,35596,,
1,1,,0,1,,33646,,
0,0,,0.792664,0.207336,,54370,,
0,0,,0.781878,0.218122,,68266,,
0,0,,1,0,,39985,,
0,0,,1,0,,34377,,
0,0,,0.957701,0.042299,,33402,,
1,1,,0,1,,59002,,
0,0,,1,0,,33890,,
0,0,,0.862223,0.137777,,33402,,
1,1,,0.054353,0.945647,,33645,,
1,1,,0.33595,0.66405,,33402,,
0,0,,0.781765,0.218235,,33646,,
0,0,,0.847246,0.152754,,33401,,
0,0,,0.930126,0.069874,,33402,,
1,1,,0.27475,0.72525,,222111,,
1,1,,0.146756,0.853244,,49249,,
0,0,,0.962808,0.037192,,44861,,
1,1,,0,1,,107764,,
0,0,,0.739511,0.260489,,59246,,
1,1,,0.360875,0.639125,,61440,,
1,1,,0.330452,0.669548,,40228,,
0,0,,0.9268,0.0732,,34377,,
0,0,,0.879538,0.120462,,33402,,
0,0,,1,0,,33158,,
1,1,,0,1,,34865,,
0,0,,0.747587,0.252413,,33402,,
0,0,,0.901068,0.098932,,33646,,
0,1,,0.36567,0.63433,,33402,,
1,1,,0.207075,0.792925,,33646,,
0,0,,0.880092,0.119908,,33402,,
0,0,,0.928406,0.071594,,33402,,
0,0,,0.555316,0.444684,,33401,,
0,0,,1,0,,33402,,
1,1,,0.236398,0.763602,,33402,,
0,0,,1,0,,33890,,
0,1,,0.307959,0.692041,,33402,,
1,1,,0,1,,33402,,
0,0,,0.727805,0.272195,,73874,,
0,0,,1,0,,223573,,
1,1,,0.094699,0.905301,,80701,,
1,1,,0,1,,114347,,
1,1,,0,1,,79726,,
0,0,,0.955723,0.044277,,61683,,
1,1,,0.223826,0.776174,,49006,,
0,0,,0.682907,0.317093,,34621,,
0,0,,0.685291,0.314709,,33402,,
0,0,,0.717733,0.282267,,33646,,
1,1,,0,1,,33402,,
0,0,,0.750172,0.249828,,33402,,
1,1,,0.042813,0.957187,,33158,,
0,0,,0.673386,0.326614,,33402,,
0,0,,0.841292,0.158708,,33645,,
1,1,,0.244614,0.755386,,33158,,
0,0,,1,0,,33402,,
0,0,,0.571394,0.428606,,34865,,
1,0,,1,0,,35108,,
0,0,,1,0,,33402,,
1,1,,0.263547,0.736453,,33645,,
0,0,,0.968514,0.031486,,33402,,
0,0,,1,0,,33402,,
0,0,,0.587807,0.412193,,33401,,
0,0,,1,0,,33646,,
0,0,,1,0,,33402,,
0,0,,0.919118,0.080882,,33402,,
1,0,,0.54652,0.45348,,33402,,
0,0,,0.988167,0.011833,,33646,,
0,0,,0.694236,0.305764,,33402,,
1,1,,0.1348,0.8652,,33646,,
1,1,,0.457683,0.542317,,35352,,
1,1,,0,1,,33890,,
0,0,,0.958832,0.041168,,34621,,
0,0,,0.684179,0.315821,,33890,,
1,1,,0,1,,33645,,
0,0,,0.835758,0.164242,,33890,,
0,0,,1,0,,33402,,
0,0,,0.697463,0.302537,,33645,,
1,1,,0.162877,0.837123,,33402,,
0,0,,0.786321,0.213679,,33646,,
0,0,,0.78887,0.21113,,33646,,
0,0,,0.794256,0.205744,,33890,,
0,0,,0.932262,0.067738,,33646,,
1,1,,0,1,,33890,,
1,1,,0,1,,33890,,
0,1,,0.45363,0.54637,,33889,,
0,0,,0.563239,0.436761,,33889,,
1,1,,0.063806,0.936194,,35109,,
1,1,,0.494284,0.505716,,34865,,
1,1,,0.122567,0.877433,,34621,,
0,0,,0.637728,0.362272,,35353,,
1,1,,0.056496,0.943504,,330849,,
1,1,,0,1,,83139,,
1,1,,0,1,,35109,,
0,0,,0.902496,0.097504,,33646,,
1,1,,0.243534,0.756466,,33402,,
0,0,,0.840178,0.159822,,33402,,
1,1,,0,1,,33402,,
1,1,,0.241737,0.758263,,33402,,
1,1,,0.240685,0.759315,,33402,,
1,1,,0,1,,33402,,
0,0,,0.811319,0.188681,,33402,,
0,0,,0.741561,0.258439,,33645,,
1,1,,0.362371,0.637629,,33402,,
0,0,,0.923968,0.076032,,33401,,
1,1,,0.441254,0.558746,,33402,,
0,0,,0.931837,0.068163,,35840,,
1,1,,0,1,,33645,,
0,0,,0.741415,0.258585,,33646,,
0,0,,1,0,,33646,,
0,0,,0.723816,0.276184,,33402,,
0,0,,0.675756,0.324244,,33646,,
1,1,,0,1,,44129,,
1,1,,0,1,,227231,,
1,1,,0.101802,0.898198,,71680,,
1,1,,0,1,,115322,,
1,1,,0.090204,0.909796,,79726,,
0,0,,0.681379,0.318621,,52907,,
0,1,,0.401364,0.598636,,34621,,
1,1,,0,1,,33645,,
1,0,,0.654772,0.345228,,33402,,
0,0,,0.877044,0.122956,,33402,,
1,1,,0.113014,0.886986,,33402,,
1,1,,0.146919,0.853081,,33159,,
0,0,,0.889808,0.110192,,37059,,
1,1,,0,1,,48031,,
0,0,,0.7871,0.2129,,75094,,
0,0,,1,0,,34865,,
0,0,,1,0,,33402,,
0,0,,0.771002,0.228998,,33645,,
0,0,,0.926426,0.073574,,33402,,
0,0,,0.962284,0.037716,,33402,,
0,0,,0.629366,0.370634,,33645,,
0,0,,1,0,,33402,,
0,0,,0.719322,0.280678,,33646,,
1,1,,0.199741,0.800259,,33646,,
1,1,,0.072177,0.927823,,33402,,
0,0,,0.682123,0.317877,,37059,,
1,1,,0.217439,0.782561,,33645,,
0,0,,0.874694,0.125306,,33402,,
1,0,,0.706576,0.293424,,33402,,
1,1,,0.014106,0.985894,,33402,,
0,0,,0.686014,0.313986,,33402,,
0,0,,0.61955,0.38045,,33646,,
0,0,,0.599287,0.400713,,33645,,
0,0,,1,0,,33402,,
1,1,,0,1,,33402,,
1,1,,0,1,,37059,,
0,0,,0.955545,0.044455,,50956,,
0,0,,0.565147,0.434853,,53638,,
0,0,,0.817006,0.182994,,58515,,
1,1,,0.305214,0.694786,,54614,,
0,0,,1,0,,59246,,
1,1,,0.061926,0.938074,,62903,,
0,0,,1,0,,54857,,
1,1,,0,1,,61440,,
1,1,,0.179564,0.820436,,56807,,
0,0,,0.798463,0.201537,,328411,,
1,1,,0.101801,0.898199,,60465,,
1,1,,0.139979,0.860021,,78263,,
1,1,,0,1,,35840,,
1,1,,0,1,,33645,,
0,0,,1,0,,33646,,
0,0,,0.893974,0.106026,,86065,,
0,0,,0.658156,0.341844,,43399,,
1,1,,0,1,,80214,,
0,0,,0.894568,0.105432,,45592,,
0,0,,0.502942,0.497058,,34377,,
0,0,,1,0,,33645,,
0,0,,0.815312,0.184688,,33402,,
1,1,,0,1,,139703,,
0,0,,0.605518,0.394482,,68754,,
1,1,,0.447978,0.552022,,64365,,
1,1,,0.402381,0.597619,,63878,,
0,0,,0.91651,0.08349,,63391,,
0,0,,0.559668,0.440332,,63635,,
1,1,,0.014294,0.985706,,64122,,
0,1,,0.363055,0.636945,,63635,,
0,0,,1,0,,64366,,
1,1,,0,1,,64609,,
1,1,,0.108881,0.891119,,61196,,
1,1,,0,1,,63391,,
0,1,,0.418846,0.581154,,62171,,
0,0,,0.974304,0.025696,,61440,,
1,1,,0,1,,61683,,
1,1,,0.089772,0.910228,,60709,,
1,1,,0.025477,0.974523,,65341,,
1,1,,0.11552,0.88448,,78263,,
1,1,,0.221517,0.778483,,58270,,
0,0,,0.901802,0.098198,,57783,,
1,1,,0,1,,62171,,
0,0,,0.79907,0.20093,,60464,,
0,0,,0.967484,0.032516,,60465,,
1,1,,0.310896,0.689104,,59246,,
0,0,,0.573394,0.426606,,61928,,
1,1,,0,1,,60709,,
1,1,,0.468807,0.531193,,58026,,
0,0,,0.941894,0.058106,,57539,,
0,0,,0.861085,0.138915,,59246,,
1,1,,0.053936,0.946064,,57783,,
0,0,,0.886647,0.113353,,58027,,
0,0,,0.73606,0.26394,,253562,,
0,0,,1,0,,70217,,
0,0,,0.811796,0.188204,,52906,,
0,0,,0.763941,0.236059,,39985,,
1,1,,0.333585,0.666415,,34864,,
1,1,,0.251377,0.748623,,33402,,
1,1,,0.047429,0.952571,,33402,,
1,1,,0,1,,33402,,
0,1,,0.361766,0.638234,,33401,,
0,0,,0.996898,0.003102,,33646,,
0,0,,0.991007,0.008993,,33158,,
1,1,,0.240301,0.759699,,33402,,
1,1,,0,1,,41203,,
0,1,,0.497015,0.502985,,54857,,
1,1,,0,1,,34621,,
1,1,,0.275056,0.724944,,63147,,
1,1,,0.050179,0.949821,,54857,,
0,0,,0.753106,0.246894,,40716,,
1,1,,0,1,,34377,,
0,1,,0.326398,0.673602,,33402,,
0,0,,1,0,,89235,,
0,0,,0.85903,0.14097,,173592,,
0,0,,1,0,,60708,,
0,0,,0.71097,0.28903,,74606,,
1,1,,0.214541,0.785459,,104107,,
1,1,,0,1,,65341,,
0,0,,0.758636,0.241364,,63147,,
1,1,,0.003833,0.996167,,75093,,
1,1,,0.061161,0.938839,,66072,,
1,1,,0,1,,64609,,
1,1,,0.18985,0.81015,,65585,,
0,0,,0.773927,0.226073,,66072,,
0,0,,1,0,,65585,,
0,0,,0.70932,0.29068,,64122,,
1,1,,0.219387,0.780613,,67048,,
1,0,,0.757059,0.242941,,66316,,
0,0,,0.568957,0.431043,,66072,,
0,0,,0.607623,0.392377,,65097,,
1,1,,0.148731,0.851269,,64853,,
1,1,,0,1,,63878,,
0,1,,0.419906,0.580094,,65097,,
0,0,,0.880412,0.119588,,65097,,
0,1,,0.478746,0.521254,,66072,,
1,1,,0,1,,63634,,
1,1,,0.352805,0.647195,,63634,,
0,0,,0.666937,0.333063,,64366,,
0,0,,0.632445,0.367555,,64365,,
1,1,,0,1,,63634,,
0,0,,0.60759,0.39241,,64610,,
1,1,,0.221534,0.778466,,65098,,
1,1,,0.095374,0.904626,,287452,,
1,1,,0,1,,164084,,
0,0,,0.701379,0.298621,,35596,,
1,1,,0.204372,0.795628,,76556,,
1,1,,0.297724,0.702276,,81920,,
0,1,,0.273051,0.726949,,79238,,
0,0,,0.84437,0.15563,,55832,,
0,0,,1,0,,55833,,
1,0,,0.544337,0.455663,,57052,,
1,1,,0,1,,124099,,
0,0,,0.732548,0.267452,,82895,,
0,0,,0.960348,0.039652,,64122,,
1,1,,0.467265,0.532735,,61440,,
1,1,,0,1,,174568,,
0,0,,0.77642,0.22358,,83871,,
1,1,,0.426136,0.573864,,66317,,
0,0,,0.962371,0.037629,,68755,,
0,0,,1,0,,69242,,
1,1,,0.121022,0.878978,,67779,,
0,0,,1,0,,68754,,
1,1,,0.092208,0.907792,,68510,,
1,1,,0,1,,69486,,
1,1,,0.242156,0.757844,,68754,,
1,1,,0.201424,0.798576,,70217,,
1,1,,0,1,,67292,,
1,1,,0.445918,0.554082,,67291,,
1,1,,0,1,,68267,,
0,0,,0.806274,0.193726,,106301,,
1,1,,0.073444,0.926556,,96061,,
1,1,,0,1,,50957,,
0,0,,1,0,,48762,,
0,0,,0.958311,0.041689,,63390,,
1,0,,0.541794,0.458206,,60221,,
1,1,,0.11345,0.88655,,58270,,
0,0,,0.688278,0.311722,,59002,,
1,1,,0.490386,0.509614,,89966,,
0,0,,0.734848,0.265152,,81188,,
1,1,,0,1,,57539,,
0,0,,0.813629,0.186371,,53639,,
1,1,,0.136579,0.863421,,59246,,
1,1,,0.300219,0.699781,,62903,,
0,0,,0.640089,0.359911,,56564,,
1,1,,0,1,,58758,,
0,0,,0.99005,0.00995,,59489,,
1,1,,0.11478,0.88522,,1910004,,
0,0,,0.667718,0.332282,,491520,,
0,0,,0.845959,0.154041,,44617,,
1,1,,0.002243,0.997757,,34377,,
1,1,,0,1,,33646,,
0,0,,0.671336,0.328664,,36571,,
0,1,,0.452856,0.547144,,33889,,
0,0,,0.818396,0.181604,,33646,,
1,1,,0.348701,0.651299,,33889,,
0,0,,0.790444,0.209556,,33158,,
0,1,,0.482405,0.517595,,33646,,
1,1,,0.244703,0.755297,,33402,,
0,0,,1,0,,33402,,
0,1,,0.395451,0.604549,,33646,,
0,0,,0.759086,0.240914,,39497,,
0,0,,0.960827,0.039173,,93623,,
1,1,,0.041974,0.958026,,50712,,
1,0,,0.620817,0.379183,,59489,,
0,0,,0.541564,0.458436,,53151,,
1,1,,0.255061,0.744939,,72899,,
0,1,,0.300141,0.699859,,59002,,
0,0,,0.732603,0.267397,,56076,,
1,1,,0.387188,0.612812,,69486,,
0,0,,0.847076,0.152924,,34621,,
0,0,,0.542135,0.457865,,33158,,
0,0,,1,0,,33402,,
1,1,,0.335716,0.664284,,33159,,
1,1,,0.354944,0.645056,,41204,,
1,1,,0,1,,50712,,
0,0,,1,0,,53151,,
0,0,,0.734527,0.265473,,55589,,
0,0,,0.752817,0.247183,,55588,,
1,1,,0.176628,0.823372,,57539,,
0,0,,0.769157,0.230843,,62415,,
0,1,,0.30757,0.69243,,57295,,
1,1,,0.19318,0.80682,,62171,,
1,1,,0.244466,0.755534,,59246,,
1,1,,0.164416,0.835584,,394728,,
1,1,,0.24163,0.75837,,61196,,
0,0,,0.971204,0.028796,,156769,,
0,0,,0.60014,0.39986,,61927,,
0,0,,0.733589,0.266411,,43398,,
0,0,,0.832065,0.167935,,58271,,
0,0,,1,0,,33890,,
0,0,,0.789287,0.210713,,57783,,
0,0,,0.597216,0.402784,,57296,,
1,1,,0,1,,49006,,
1,1,,0.359901,0.640099,,35109,,
0,0,,0.99298,0.00702,,33402,,
1,1,,0.047818,0.952182,,108495,,
1,1,,0,1,,118004,,
0,0,,1,0,,56320,,
1,1,,0.007107,0.992893,,103863,,
1,1,,0.202685,0.797315,,201630,,
0,0,,0.754099,0.245901,,130438,,
1,1,,0.082317,0.917683,,66804,,
0,0,,0.801281,0.198719,,56320,,
1,0,,0.72933,0.27067,,86552,,
1,1,,0,1,,44861,,
1,1,,0.472431,0.527569,,44617,,
0,0,,0.696866,0.303134,,42423,,
0,0,,1,0,,33646,,
0,0,,0.663538,0.336462,,32914,,
0,0,,0.733022,0.266978,,39497,,
1,1,,0,1,,55589,,
0,1,,0.319672,0.680328,,95574,,
0,0,,0.796309,0.203691,,90209,,
1,0,,0.535428,0.464572,,99718,,
0,0,,1,0,,60221,,
0,0,,0.646723,0.353277,,49249,,
0,0,,0.584105,0.415895,,47786,,
0,0,,0.854831,0.145169,,41935,,
1,1,,0,1,,35109,,
0,0,,0.901505,0.098495,,33158,,
1,1,,0.017326,0.982674,,60464,,
1,1,,0,1,,36328,,
0,0,,0.555491,0.444509,,75094,,
0,0,,0.745995,0.254005,,34864,,
0,0,,0.723449,0.276551,,46568,,
0,0,,1,0,,51200,,
0,0,,0.728136,0.271864,,38522,,
0,0,,0.590152,0.409848,,34621,,
0,0,,0.685908,0.314092,,32914,,
1,1,,0.418823,0.581177,,33158,,
1,1,,0.006843,0.993157,,32670,,
0,0,,0.841036,0.158964,,33158,,
0,0,,0.829531,0.170469,,32914,,
0,0,,0.742002,0.257998,,33402,,
1,1,,0,1,,33645,,
0,1,,0.486173,0.513827,,34865,,
1,1,,0.23748,0.76252,,33402,,
0,0,,0.808808,0.191192,,33645,,
0,0,,1,0,,32914,,
0,0,,0.697736,0.302264,,33158,,
0,0,,0.812824,0.187176,,33158,,
1,1,,0.126683,0.873317,,33402,,
0,0,,0.978615,0.021385,,169448,,
1,1,,0,1,,67291,,
0,1,,0.49265,0.50735,,218210,,
1,1,,0.154526,0.845474,,55833,,
1,1,,0,1,,52907,,
0,0,,0.549443,0.450557,,71924,,
1,1,,0.097609,0.902391,,34133,,
0,0,,0.944725,0.055275,,38278,,
1,1,,0,1,,38765,,
1,1,,0,1,,56564,,
0,0,,0.857772,0.142228,,33158,,
0,0,,0.615335,0.384665,,32914,,
0,0,,0.904456,0.095544,,76312,,
0,0,,0.894895,0.105105,,45836,,
0,0,,0.813207,0.186793,,34134,,
0,1,,0.427486,0.572514,,32914,,
0,0,,0.850861,0.149139,,32914,,
1,1,,0,1,,89722,,
0,0,,0.925887,0.074113,,209920,,
1,1,,0,1,,74850,,
1,1,,0,1,,91429,,
1,1,,0,1,,135558,,
0,0,,0.537659,0.462341,,59246,,
1,1,,0.314042,0.685958,,52175,,
1,1,,0.465416,0.534584,,37790,,
0,0,,0.712017,0.287983,,32915,,
0,0,,0.913629,0.086371,,49737,,
0,0,,0.709401,0.290599,,33402,,
1,1,,0,1,,32670,,
1,1,,0.186819,0.813181,,32671,,
0,0,,1,0,,32670,,
1,1,,0,1,,32914,,
0,0,,0.543821,0.456179,,32670,,
1,1,,0,1,,32915,,
1,0,,0.647713,0.352287,,32671,,
0,0,,1,0,,32670,,
1,1,,0.098575,0.901425,,32671,,
1,1,,0,1,,36572,,
0,0,,1,0,,32914,,
0,0,,0.755195,0.244805,,32671,,
0,0,,0.730472,0.269528,,32914,,
1,1,,0.017924,0.982076,,42423,,
0,0,,0.565402,0.434598,,32670,,
1,1,,0,1,,32914,,
1,1,,0.495793,0.504207,,32915,,
1,1,,0,1,,32671,,
1,1,,0.053832,0.946168,,32426,,
0,0,,1,0,,32670,,
1,1,,0.494929,0.505071,,32671,,
1,1,,0,1,,32427,,
0,0,,0.875092,0.124908,,32914,,
0,1,,0.414013,0.585987,,32914,,
1,1,,0,1,,35840,,
1,1,,0,1,,33158,,
0,1,,0.463219,0.536781,,43886,,
0,0,,1,0,,50469,,
1,1,,0.01796,0.98204,,53394,,
0,1,,0.303858,0.696142,,54857,,
1,1,,0.071828,0.928172,,55101,,
1,1,,0,1,,60953,,
1,1,,0.374657,0.625343,,59978,,
1,1,,0,1,,55345,,
0,0,,0.680672,0.319328,,61927,,
1,1,,0,1,,53882,,
0,0,,0.824135,0.175865,,408137,,
1,1,,0,1,,75825,,
1,1,,0.031776,0.968224,,44861,,
1,1,,0.294081,0.705919,,49493,,
1,1,,0.190659,0.809341,,53150,,
0,0,,1,0,,93866,,
0,0,,0.916682,0.083318,,42423,,
1,1,,0.133988,0.866012,,47055,,
0,0,,0.950066,0.049934,,46811,,
1,1,,0,1,,36572,,
0,0,,0.930438,0.069562,,34865,,
1,1,,0,1,,34621,,
1,1,,0,1,,45836,,
0,0,,0.851355,0.148645,,76800,,
0,0,,0.904621,0.095379,,468115,,
1,1,,0,1,,180663,,
0,0,,0.788809,0.211191,,66072,,
0,0,,0.823722,0.176278,,56807,,
0,1,,0.481547,0.518453,,42667,,
1,1,,0.268671,0.731329,,33645,,
0,0,,0.982851,0.017149,,32671,,
1,1,,0,1,,32914,,
0,0,,0.64422,0.35578,,32670,,
1,1,,0.147479,0.852521,,32671,,
1,1,,0.49613,0.50387,,32670,,
1,1,,0.33611,0.66389,,32670,,
0,0,,0.804627,0.195373,,33158,,
1,1,,0.190109,0.809891,,32671,,
0,0,,0.599655,0.400345,,32671,,
1,1,,0.118705,0.881295,,32914,,
0,0,,0.596367,0.403633,,32914,,
0,0,,1,0,,32670,,
1,1,,0,1,,32671,,
0,1,,0.270927,0.729073,,37546,,
1,1,,0,1,,35596,,
0,0,,0.86955,0.13045,,32914,,
1,1,,0,1,,32670,,
1,1,,0.374212,0.625788,,32915,,
1,1,,0.347874,0.652126,,32671,,
1,0,,0.540858,0.459142,,33402,,
1,1,,0,1,,32914,,
0,0,,0.877817,0.122183,,33402,,
0,0,,0.72374,0.27626,,33158,,
1,1,,0,1,,32915,,
1,1,,0.251516,0.748484,,32915,,
0,0,,0.99338,0.00662,,33159,,
1,1,,0.15733,0.84267,,33402,,
1,1,,0,1,,32914,,
0,0,,1,0,,42911,,
0,0,,1,0,,40960,,
1,1,,0,1,,34133,,
1,0,,0.897656,0.102344,,33402,,
1,1,,0,1,,33158,,
0,0,,0.593245,0.406755,,33158,,
0,0,,0.79331,0.20669,,33646,,
1,1,,0,1,,33645,,
0,0,,1,0,,32915,,
1,1,,0.281961,0.718039,,33402,,
1,0,,0.727217,0.272783,,33158,,
0,0,,0.923614,0.076386,,33402,,
1,1,,0,1,,33158,,
1,1,,0.102715,0.897285,,33159,,
1,1,,0.406282,0.593718,,34865,,
0,0,,0.654166,0.345834,,78994,,
0,1,,0.407976,0.592024,,78262,,
1,1,,0.175539,0.824461,,81432,,
1,1,,0,1,,192609,,
1,1,,0.089858,0.910142,,192854,,
1,1,,0,1,,117029,,
0,0,,0.840404,0.159596,,74362,,
1,0,,0.633587,0.366413,,85821,,
0,0,,0.781308,0.218692,,60953,,
1,1,,0,1,,155551,,
0,0,,0.894366,0.105634,,58026,,
0,0,,1,0,,73143,,
0,0,,0.64837,0.35163,,157501,,
1,1,,0,1,,75581,,
1,1,,0.106208,0.893792,,67779,,
1,1,,0,1,,62171,,
0,0,,0.955205,0.044795,,61928,,
1,1,,0,1,,64366,,
1,1,,0.001308,0.998692,,227474,,
1,1,,0,1,,66560,,
1,1,,0,1,,60464,,
0,0,,0.867077,0.132923,,112884,,
1,1,,0,1,,43154,,
1,1,,0.013493,0.986507,,33646,,
0,0,,0.868704,0.131296,,32915,,
0,0,,0.77384,0.22616,,34865,,
0,0,,0.769695,0.230305,,34865,,
1,1,,0,1,,35840,,
1,1,,0.094932,0.905068,,35108,,
1,1,,0,1,,34864,,
0,0,,0.916926,0.083074,,49250,,
0,0,,0.850392,0.149608,,44373,,
1,1,,0,1,,35840,,
1,1,,0,1,,34865,,
1,1,,0.183151,0.816849,,34621,,
1,0,,1,0,,32914,,
1,1,,0.024682,0.975318,,32914,,
0,0,,0.893381,0.106619,,41936,,
1,1,,0.010895,0.989105,,32915,,
1,1,,0,1,,35353,,
0,0,,0.875184,0.124816,,35352,,
0,0,,0.889853,0.110147,,32914,,
0,0,,1,0,,34865,,
1,1,,0,1,,36571,,
1,1,,0,1,,35109,,
0,0,,0.672067,0.327933,,32915,,
1,1,,0.146697,0.853303,,47787,,
1,1,,0.099399,0.900601,,37790,,
0,0,,1,0,,35109,,
1,1,,0,1,,32915,,
1,1,,0,1,,38034,,
0,0,,0.973113,0.026887,,32671,,
1,1,,0,1,,48762,,
1,1,,0.346853,0.653147,,58271,,
0,0,,0.892676,0.107324,,34133,,
0,0,,0.644535,0.355465,,32670,,
0,0,,0.770437,0.229563,,34133,,
1,1,,0,1,,32914,,
0,0,,1,0,,32671,,
1,1,,0,1,,32915,,
0,0,,0.589359,0.410641,,32915,,
1,1,,0.453823,0.546177,,32670,,
1,1,,0,1,,32670,,
1,1,,0.192372,0.807628,,32670,,