ItalyPowerDemand,cBOSS,train,0,NANOSECONDS,PREDICTIONS, Generated by BasicReproductionTests at 2019-11-02 15:52:29
tsml.classifiers.dictionary_based.cBOSS, 2019-11-02 15:52:29, 1572709949077
0.923226433430515,184301700,1188451800,-1,-1,2,,-1,-1
1,1,,0.398423,0.601577,,1889900,,
1,1,,0.46498,0.53502,,1726800,,
1,1,,0.23872,0.76128,,1375900,,
1,1,,0.431944,0.568056,,1282400,,
1,1,,0.230466,0.769534,,1281300,,
0,0,,0.902808,0.097192,,1188700,,
1,1,,0.182422,0.817578,,1139300,,
1,1,,0.124359,0.875641,,1014500,,
1,1,,0.217536,0.782464,,1015200,,
1,1,,0.024059,0.975941,,1047600,,
1,1,,0.376305,0.623695,,995300,,
1,1,,0.479609,0.520391,,1035600,,
1,1,,0.209924,0.790076,,1059100,,
0,0,,0.781074,0.218926,,1041500,,
0,1,,0.438353,0.561647,,1042900,,
1,1,,0.146503,0.853497,,1026800,,
0,0,,0.877864,0.122136,,1046500,,
0,0,,0.941026,0.058974,,1014200,,
0,0,,0.915079,0.084921,,1042300,,
1,1,,0.456851,0.543149,,1047100,,
0,0,,0.71947,0.28053,,1040500,,
0,0,,0.804787,0.195213,,1018300,,
1,1,,0.449899,0.550101,,1061800,,
0,0,,0.803207,0.196793,,1030800,,
1,1,,0.394659,0.605341,,1040800,,
0,0,,0.930038,0.069962,,1005300,,
0,0,,0.767943,0.232057,,1042400,,
0,0,,0.772778,0.227222,,1013600,,
1,1,,0.060497,0.939503,,2065100,,
0,0,,0.912371,0.087629,,2672900,,
0,0,,0.851929,0.148071,,2337500,,
0,0,,0.843092,0.156908,,1137700,,
0,1,,0.47737,0.52263,,1078200,,
1,1,,0.07853,0.92147,,988900,,
1,1,,0.288323,0.711677,,1074700,,
0,0,,0.867997,0.132003,,1026400,,
1,1,,0.281278,0.718722,,1077600,,
0,0,,0.648028,0.351972,,1046700,,
1,1,,0.391679,0.608321,,1020800,,
0,0,,0.779754,0.220246,,1063400,,
1,1,,0.084663,0.915337,,1067000,,
1,1,,0.058774,0.941226,,1015400,,
1,1,,0,1,,984400,,
1,1,,0.395731,0.604269,,1035200,,
0,0,,0.978688,0.021312,,965700,,
1,1,,0.213403,0.786597,,1030400,,
1,1,,0.332652,0.667348,,1007400,,
0,0,,0.890959,0.109041,,1008500,,
1,1,,0.411326,0.588674,,988900,,
0,0,,0.803771,0.196229,,1017100,,
1,1,,0.164325,0.835675,,1039600,,
1,1,,0.082575,0.917425,,1011000,,
1,1,,0.041374,0.958626,,1013100,,
1,1,,0.061801,0.938199,,1020300,,
0,0,,0.732125,0.267875,,1029900,,
1,0,,0.515,0.485,,1026400,,
1,1,,0.266402,0.733598,,1018300,,
1,1,,0.300163,0.699837,,1028600,,
1,1,,0.191358,0.808642,,1060000,,
1,1,,0.335406,0.664594,,1098000,,
1,1,,0.062826,0.937174,,1098300,,
1,1,,0.360904,0.639096,,2413500,,
1,1,,0.398299,0.601701,,2494200,,
1,1,,0.397582,0.602418,,2465400,,
0,0,,0.628035,0.371965,,2293000,,
1,1,,0.075636,0.924364,,2118200,,
1,1,,0.422022,0.577978,,2138300,,
0,0,,0.720036,0.279964,,2124200,,
1,1,,0.317925,0.682075,,2136900,,
1,0,,0.676284,0.323716,,1733300,,
1,1,,0.236522,0.763478,,1410600,,
1,0,,0.552928,0.447072,,1419500,,
1,0,,0.592657,0.407343,,1408600,,
0,0,,0.719526,0.280474,,1431300,,
0,0,,0.835985,0.164015,,1425900,,
1,1,,0.040377,0.959623,,1387700,,
0,0,,0.824908,0.175092,,1188200,,
1,1,,0.192862,0.807138,,1003200,,
0,0,,0.81646,0.18354,,1026200,,
0,0,,0.886399,0.113601,,1030900,,
0,0,,0.763922,0.236078,,1022000,,
1,1,,0.197171,0.802829,,1019900,,
1,1,,0.342882,0.657118,,1014200,,
1,0,,0.692993,0.307007,,1020000,,
1,1,,0.153184,0.846816,,1013000,,
1,1,,0.012099,0.987901,,1014400,,
1,1,,0.080398,0.919602,,972700,,
0,0,,0.96772,0.03228,,998900,,
1,1,,0.08431,0.91569,,950100,,
1,0,,0.678877,0.321123,,1010200,,
1,1,,0.315588,0.684412,,1022000,,
0,0,,0.851752,0.148248,,1000800,,
0,0,,0.636593,0.363407,,1026000,,
0,0,,0.830306,0.169694,,996400,,
1,1,,0.351823,0.648177,,990800,,
0,0,,0.898302,0.101698,,1013300,,
1,1,,0.151546,0.848454,,1049800,,
0,0,,0.854174,0.145826,,1001300,,
0,0,,0.819479,0.180521,,1007600,,
0,0,,0.788286,0.211714,,1030800,,
1,1,,0.461998,0.538002,,1007200,,
1,1,,0.109636,0.890364,,996100,,
0,0,,0.90958,0.09042,,993500,,
1,0,,0.523712,0.476288,,1039000,,
0,0,,0.561732,0.438268,,1021200,,
1,1,,0.275794,0.724206,,1016400,,
0,0,,0.789716,0.210284,,1037600,,
0,0,,0.854022,0.145978,,1109600,,
1,1,,0.267731,0.732269,,1070100,,
0,0,,0.928561,0.071439,,1066900,,
0,0,,0.835817,0.164183,,1011000,,
0,0,,0.79621,0.20379,,977500,,
1,0,,0.634022,0.365978,,1034400,,
0,1,,0.354958,0.645042,,1019300,,
0,0,,1,0,,998600,,
1,0,,0.54726,0.45274,,1025900,,
0,0,,0.712234,0.287766,,1028600,,
0,0,,0.810874,0.189126,,1018100,,
0,0,,0.738386,0.261614,,1025000,,
0,0,,0.870924,0.129076,,1020900,,
0,0,,0.66923,0.33077,,1012700,,
1,1,,0.167441,0.832559,,1025200,,
1,1,,0.354161,0.645839,,1037200,,
1,1,,0.373627,0.626373,,1001400,,
1,1,,0.012099,0.987901,,1012900,,
0,1,,0.39428,0.60572,,1009600,,
0,0,,0.683556,0.316444,,1026800,,
1,1,,0.079227,0.920773,,998800,,
0,0,,0.885145,0.114855,,1016300,,
1,1,,0.319513,0.680487,,1010500,,
0,0,,0.862139,0.137861,,995300,,
1,1,,0.134351,0.865649,,957100,,
1,1,,0.219227,0.780773,,980700,,
1,1,,0.189742,0.810258,,997900,,
0,0,,0.787292,0.212708,,998200,,
0,0,,0.717772,0.282228,,958000,,
1,1,,0.455492,0.544508,,978700,,
0,0,,0.802899,0.197101,,1053700,,
0,0,,0.796258,0.203742,,1073400,,
1,1,,0.048256,0.951744,,972900,,
1,0,,0.511089,0.488911,,1004400,,
0,0,,0.78984,0.21016,,999000,,
1,1,,0.143677,0.856323,,1002800,,
1,1,,0.140499,0.859501,,1020800,,
0,0,,0.85822,0.14178,,983900,,
0,0,,0.847599,0.152401,,1007800,,
0,1,,0.383569,0.616431,,961400,,
0,0,,0.88257,0.11743,,954400,,
0,0,,0.70062,0.29938,,1004900,,
1,0,,0.519504,0.480496,,997100,,
0,0,,0.830771,0.169229,,1002200,,
1,1,,0.328636,0.671364,,1021400,,
0,0,,0.917935,0.082065,,988500,,
0,0,,0.794805,0.205195,,1011600,,
0,0,,0.741162,0.258838,,1007400,,
1,1,,0.275833,0.724167,,1003900,,
1,1,,0.073201,0.926799,,944200,,
1,1,,0.225232,0.774768,,972200,,
1,1,,0.23196,0.76804,,1005600,,
0,0,,0.754749,0.245251,,979100,,
1,1,,0.383118,0.616882,,998400,,
1,1,,0.332863,0.667137,,985600,,
1,1,,0.499845,0.500155,,996600,,
0,0,,0.808869,0.191131,,1003800,,
1,1,,0.141623,0.858377,,1003700,,
1,1,,0.299577,0.700423,,1018000,,
0,0,,0.705397,0.294603,,1045200,,
0,0,,0.780856,0.219144,,1016100,,
1,1,,0.415839,0.584161,,1070300,,
1,1,,0.106925,0.893075,,1001500,,
1,1,,0.236994,0.763006,,1002900,,
0,0,,0.734323,0.265677,,1013700,,
0,0,,0.935278,0.064722,,1022700,,
1,1,,0.053844,0.946156,,982000,,
1,1,,0.045903,0.954097,,1007500,,
0,0,,0.807664,0.192336,,983700,,
0,0,,0.70222,0.29778,,1000900,,
0,0,,0.921913,0.078087,,1004500,,
0,0,,0.9523,0.0477,,1004000,,
0,0,,0.825907,0.174093,,1033900,,
0,0,,0.748498,0.251502,,1018600,,
0,0,,0.760079,0.239921,,991800,,
0,0,,0.851268,0.148732,,1010500,,
0,0,,0.829046,0.170954,,1007800,,
0,0,,0.826207,0.173793,,988900,,
1,1,,0.209402,0.790598,,1016300,,
0,0,,0.905422,0.094578,,1002200,,
1,1,,0.323001,0.676999,,976700,,
1,1,,0.145509,0.854491,,977500,,
1,1,,0.210246,0.789754,,1000800,,
0,0,,0.533412,0.466588,,1014000,,
0,0,,0.618705,0.381295,,993500,,
0,0,,0.940532,0.059468,,990000,,
1,1,,0.248079,0.751921,,1012600,,
1,1,,0.070023,0.929977,,998800,,
1,1,,0.347075,0.652925,,976300,,
1,1,,0.259024,0.740976,,1003800,,
1,1,,0.130893,0.869107,,966900,,
0,0,,0.87079,0.12921,,983000,,
0,0,,0.602952,0.397048,,1019100,,
1,1,,0.33314,0.66686,,1070000,,
0,0,,0.923065,0.076935,,1079400,,
1,1,,0.295619,0.704381,,1042800,,
1,1,,0.306861,0.693139,,1029000,,
0,0,,0.873243,0.126757,,980900,,
0,0,,0.907116,0.092884,,1020300,,
0,0,,0.838254,0.161746,,954400,,
0,0,,0.989344,0.010656,,974500,,
0,0,,0.792136,0.207864,,990400,,
1,1,,0.452038,0.547962,,975000,,
1,1,,0.282155,0.717845,,1010400,,
1,1,,0.372264,0.627736,,1000000,,
1,1,,0.133474,0.866526,,992800,,
0,0,,0.923335,0.076665,,1005400,,
0,0,,0.826306,0.173694,,998100,,
1,1,,0.191471,0.808529,,978200,,
1,1,,0.146393,0.853607,,995100,,
1,1,,0,1,,975700,,
1,1,,0.338431,0.661569,,976000,,
1,1,,0.237057,0.762943,,996500,,
0,0,,0.990654,0.009346,,998600,,
1,1,,0.246337,0.753663,,1003900,,
0,1,,0.477198,0.522802,,970600,,
1,1,,0.090002,0.909998,,983200,,
1,1,,0.183768,0.816232,,969200,,
0,1,,0.387183,0.612817,,1009400,,
1,1,,0.151139,0.848861,,978300,,
0,1,,0.446949,0.553051,,993700,,
1,1,,0.117875,0.882125,,1022700,,
1,1,,0.206919,0.793081,,1061500,,
1,1,,0.228444,0.771556,,2011800,,
0,0,,0.931623,0.068377,,3009000,,
0,0,,0.9675,0.0325,,2945600,,
1,1,,0.340239,0.659761,,2976000,,
0,0,,0.798411,0.201589,,2995700,,
1,1,,0.055818,0.944182,,2923400,,
1,1,,0.333842,0.666158,,2715000,,
0,0,,0.916193,0.083807,,2730400,,
0,0,,0.831898,0.168102,,2744300,,
0,0,,0.803051,0.196949,,2360900,,
0,0,,0.981183,0.018817,,1813500,,
0,0,,0.903065,0.096935,,1841000,,
0,0,,0.857316,0.142684,,1837600,,
1,1,,0.28655,0.71345,,1778200,,
1,1,,0.187621,0.812379,,1816400,,
0,0,,0.951715,0.048285,,1076300,,
1,1,,0.129736,0.870264,,1077000,,
1,1,,0.37922,0.62078,,1035700,,
0,0,,0.975661,0.024339,,1029200,,
1,0,,0.530927,0.469073,,1074300,,
1,1,,0.065422,0.934578,,1029500,,
1,0,,0.639137,0.360863,,1042900,,
0,1,,0.437742,0.562258,,1032700,,
1,1,,0.09656,0.90344,,1037500,,
0,0,,0.94338,0.05662,,1006100,,
1,1,,0.282329,0.717671,,975400,,
0,0,,0.943337,0.056663,,971300,,
0,0,,0.86436,0.13564,,977100,,
1,1,,0.223373,0.776627,,989000,,
0,0,,0.644508,0.355492,,1318200,,
0,0,,0.68213,0.31787,,1382000,,
1,1,,0.270029,0.729971,,1373000,,
1,1,,0.313594,0.686406,,1343800,,
1,1,,0.214842,0.785158,,1405500,,
1,1,,0.095663,0.904337,,1398000,,
1,1,,0.130687,0.869313,,1396100,,
0,0,,0.931006,0.068994,,1448400,,
0,0,,0.846011,0.153989,,1472600,,
1,1,,0.413294,0.586706,,1505900,,
0,0,,0.855492,0.144508,,1434300,,
1,1,,0.38962,0.61038,,1142500,,
1,1,,0.389557,0.610443,,1047700,,
0,0,,0.705644,0.294356,,1049200,,
0,0,,0.958346,0.041654,,1062500,,
1,1,,0.441316,0.558684,,1049000,,
1,1,,0.126052,0.873948,,1057900,,
0,0,,0.742218,0.257782,,1043700,,
0,0,,0.975661,0.024339,,1046800,,
0,0,,0.931933,0.068067,,1040000,,
1,1,,0.219416,0.780584,,1015700,,
0,0,,0.795093,0.204907,,972700,,
1,1,,0.455281,0.544719,,981400,,
1,1,,0.257009,0.742991,,988900,,
1,0,,0.673824,0.326176,,982700,,
1,1,,0.474682,0.525318,,999700,,
0,0,,0.844318,0.155682,,1013000,,
1,1,,0.015419,0.984581,,962400,,
1,1,,0.133493,0.866507,,992300,,
1,1,,0.258038,0.741962,,970400,,
0,0,,0.832923,0.167077,,992600,,
1,1,,0.413055,0.586945,,1020800,,
1,0,,0.566905,0.433095,,1012100,,
0,0,,0.536452,0.463548,,1014300,,
1,1,,0.242195,0.757805,,997500,,
1,1,,0.243092,0.756908,,971800,,
0,0,,0.927543,0.072457,,972400,,
1,1,,0.308185,0.691815,,1007800,,
0,1,,0.418442,0.581558,,1000400,,
0,0,,0.989344,0.010656,,978300,,
1,1,,0.473254,0.526746,,1027300,,
0,0,,0.720201,0.279799,,1008900,,
0,0,,0.783077,0.216923,,1005900,,
0,1,,0.47755,0.52245,,999100,,
0,0,,0.805241,0.194759,,997900,,
0,0,,0.969964,0.030036,,990400,,
0,0,,0.859609,0.140391,,999800,,
0,0,,0.857524,0.142476,,967000,,
0,0,,0.717782,0.282218,,989600,,
0,0,,0.811447,0.188553,,1007800,,
1,1,,0.129425,0.870575,,1011400,,
0,0,,0.859111,0.140889,,988300,,
0,0,,0.950789,0.049211,,990400,,
0,0,,0.924531,0.075469,,977000,,
0,0,,0.846682,0.153318,,996800,,
0,0,,0.801048,0.198952,,1000200,,
1,1,,0.267849,0.732151,,986300,,
1,1,,0.183256,0.816744,,990700,,
1,1,,0.355195,0.644805,,995300,,
1,0,,0.519257,0.480743,,997600,,
1,1,,0.081181,0.918819,,957400,,
1,1,,0.41352,0.58648,,985900,,
0,0,,0.941662,0.058338,,986600,,
0,0,,0.963562,0.036438,,972600,,
1,1,,0.11969,0.88031,,969800,,
0,0,,0.927431,0.072569,,983200,,
0,0,,0.839131,0.160869,,998300,,
1,1,,0.385287,0.614713,,952400,,
0,0,,0.699516,0.300484,,993900,,
0,0,,0.847168,0.152832,,934000,,
1,1,,0.389449,0.610551,,1001900,,
1,1,,0.261673,0.738327,,1006700,,
0,0,,0.871828,0.128172,,1001200,,
1,1,,0.282053,0.717947,,975500,,
0,0,,0.744374,0.255626,,963600,,
0,0,,0.838024,0.161976,,990000,,
0,0,,0.64197,0.35803,,994700,,
0,0,,0.974218,0.025782,,984800,,
1,1,,0.110631,0.889369,,998100,,
0,0,,0.857448,0.142552,,985900,,
0,0,,0.876073,0.123927,,985300,,
1,0,,0.641093,0.358907,,964600,,
1,1,,0.357375,0.642625,,955700,,
0,0,,0.894579,0.105421,,999300,,
0,0,,0.908665,0.091335,,1002400,,
0,0,,0.920883,0.079117,,937300,,
1,1,,0.036158,0.963842,,1044000,,
0,0,,0.955621,0.044379,,994400,,
1,1,,0.053597,0.946403,,954700,,
0,0,,0.975661,0.024339,,976600,,
1,1,,0.383131,0.616869,,990600,,
1,1,,0.055538,0.944462,,986400,,
1,1,,0.062851,0.937149,,977000,,
1,1,,0,1,,961100,,
0,0,,0.712735,0.287265,,994300,,
0,0,,0.57754,0.42246,,1006900,,
1,1,,0.348637,0.651363,,996200,,
0,0,,0.918908,0.081092,,992000,,
1,0,,0.787581,0.212419,,1006000,,
1,1,,0.330207,0.669793,,1002600,,
0,0,,0.713407,0.286593,,960200,,
1,1,,0.403016,0.596984,,986900,,
1,1,,0.181337,0.818663,,974900,,
0,0,,0.958116,0.041884,,974000,,
1,1,,0.214208,0.785792,,1014500,,
0,0,,0.873965,0.126035,,998700,,
1,1,,0.14038,0.85962,,1016600,,
0,0,,0.975661,0.024339,,984800,,
1,1,,0.115394,0.884606,,995400,,
0,0,,0.936241,0.063759,,967900,,
0,0,,0.668161,0.331839,,984500,,
0,0,,0.91122,0.08878,,963700,,
0,0,,0.909437,0.090563,,980700,,
1,1,,0.431796,0.568204,,995900,,
1,1,,0.159341,0.840659,,991100,,
0,1,,0.491995,0.508005,,947300,,
0,0,,0.941332,0.058668,,947400,,
0,0,,0.965005,0.034995,,941600,,
1,1,,0.168196,0.831804,,996900,,
1,1,,0.296934,0.703066,,1002600,,
0,0,,0.870078,0.129922,,983100,,
1,1,,0.241192,0.758808,,1007900,,
0,0,,0.937767,0.062233,,1019300,,
1,1,,0.272207,0.727793,,1000600,,
1,1,,0.294893,0.705107,,1006700,,
1,1,,0.23322,0.76678,,984600,,
1,1,,0.289108,0.710892,,999200,,
1,1,,0.416388,0.583612,,998500,,
1,1,,0.106181,0.893819,,990200,,
1,1,,0.19136,0.80864,,987900,,
1,1,,0.330712,0.669288,,994200,,
0,0,,0.755772,0.244228,,1010500,,
1,1,,0.372883,0.627117,,993400,,
1,1,,0.223215,0.776785,,993400,,
1,1,,0.254549,0.745451,,959800,,
1,1,,0.05678,0.94322,,1006500,,
0,0,,0.782595,0.217405,,1011800,,
1,1,,0.37191,0.62809,,993300,,
0,0,,0.718361,0.281639,,974100,,
1,1,,0.037881,0.962119,,987000,,
0,0,,0.84703,0.15297,,1010500,,
1,0,,0.617108,0.382892,,1026400,,
0,0,,0.881184,0.118816,,1007300,,
0,0,,0.867941,0.132059,,962100,,
1,1,,0.236724,0.763276,,992300,,
1,1,,0.053472,0.946528,,973500,,
0,0,,0.843185,0.156815,,978600,,
1,0,,0.512776,0.487224,,991900,,
1,1,,0.356949,0.643051,,1052300,,
0,0,,0.902459,0.097541,,1008700,,
1,1,,0.213971,0.786029,,1010600,,
0,0,,0.939228,0.060772,,1006800,,
1,1,,0.272105,0.727895,,1000700,,
0,0,,0.874781,0.125219,,982600,,
0,0,,0.819207,0.180793,,1006600,,
0,0,,0.858142,0.141858,,965500,,
1,1,,0.357488,0.642512,,995200,,
1,1,,0.050048,0.949952,,1004800,,
0,1,,0.475224,0.524776,,994100,,
1,1,,0.184963,0.815037,,954900,,
0,0,,0.796007,0.203993,,978200,,
1,1,,0.267971,0.732029,,961400,,
0,0,,0.882091,0.117909,,929700,,
0,0,,0.909651,0.090349,,976000,,
0,0,,0.854593,0.145407,,1006300,,
0,0,,0.735078,0.264922,,1009900,,
1,1,,0.472524,0.527476,,1006800,,
1,1,,0.113378,0.886622,,980400,,
0,0,,0.855222,0.144778,,994700,,
0,0,,0.941937,0.058063,,1014500,,
0,0,,0.921583,0.078417,,969200,,
0,0,,0.774896,0.225104,,975700,,
1,1,,0.182708,0.817292,,1003300,,
0,0,,0.869897,0.130103,,1013300,,
0,0,,0.977245,0.022755,,1010200,,
1,1,,0.366056,0.633944,,949800,,
1,1,,0.199432,0.800568,,1687100,,
1,1,,0.14746,0.85254,,3009300,,
0,0,,0.908665,0.091335,,2925100,,
0,0,,0.90578,0.09422,,2973700,,
1,1,,0.092821,0.907179,,2923400,,
0,0,,0.844571,0.155429,,2938700,,
0,0,,0.823212,0.176788,,2730400,,
0,0,,0.909484,0.090516,,2373500,,
1,1,,0.199067,0.800933,,2485600,,
0,0,,0.989344,0.010656,,2343700,,
1,0,,0.588276,0.411724,,2200000,,
1,1,,0.416929,0.583071,,1537100,,
1,1,,0.370411,0.629589,,1502400,,
1,1,,0.477176,0.522824,,1529300,,
1,1,,0.152988,0.847012,,1529200,,
0,0,,0.91012,0.08988,,1535800,,
0,0,,0.754709,0.245291,,1500100,,
0,0,,0.692101,0.307899,,1163500,,
0,0,,0.962119,0.037881,,988500,,
0,0,,0.532933,0.467067,,992900,,
1,1,,0.277275,0.722725,,1006300,,
0,0,,0.710208,0.289792,,946000,,
0,0,,0.93474,0.06526,,979300,,
1,1,,0.053983,0.946017,,984200,,
1,1,,0.351733,0.648267,,1021800,,
0,0,,0.776815,0.223185,,983000,,
0,0,,0.916992,0.083008,,997500,,
0,0,,0.892869,0.107131,,984400,,
1,1,,0.39605,0.60395,,1342000,,
1,1,,0.262886,0.737114,,980100,,
0,0,,0.915097,0.084903,,975600,,
1,1,,0.168581,0.831419,,1004300,,
0,0,,0.895883,0.104117,,989400,,
1,1,,0.347465,0.652535,,986700,,
1,0,,0.638868,0.361132,,995300,,
0,0,,0.803791,0.196209,,994400,,
0,0,,0.877424,0.122576,,985800,,
0,0,,0.772765,0.227235,,1018900,,
1,1,,0.157223,0.842777,,934600,,
0,0,,0.909333,0.090667,,959800,,
0,0,,0.83223,0.16777,,972100,,
0,1,,0.46727,0.53273,,982400,,
1,1,,0.42889,0.57111,,988900,,
0,0,,0.846531,0.153469,,990600,,
0,0,,0.916967,0.083033,,987800,,
0,0,,0.857644,0.142356,,986100,,
0,0,,0.806096,0.193904,,982000,,
1,1,,0.363851,0.636149,,1057400,,
0,0,,0.936901,0.063099,,952800,,
0,1,,0.371919,0.628081,,953100,,
1,1,,0.11324,0.88676,,955400,,
0,0,,0.815365,0.184635,,1015800,,
0,0,,0.940353,0.059647,,1007100,,
1,1,,0.109208,0.890792,,957300,,
1,1,,0.12482,0.87518,,1002700,,
1,1,,0.117554,0.882446,,986400,,
0,0,,0.881967,0.118033,,979400,,
1,1,,0.195493,0.804507,,1016100,,
0,0,,0.69171,0.30829,,1005900,,
0,0,,0.71526,0.28474,,994900,,
0,0,,0.927803,0.072197,,990700,,
1,1,,0.106594,0.893406,,998200,,
0,0,,0.767211,0.232789,,991700,,
1,1,,0.061017,0.938983,,938300,,
0,0,,0.940353,0.059647,,980600,,
0,0,,0.757998,0.242002,,1005100,,
1,1,,0.039466,0.960534,,961700,,
0,0,,0.721424,0.278576,,991100,,
0,0,,0.662948,0.337052,,953200,,
1,1,,0.335594,0.664406,,966100,,
0,0,,0.719416,0.280584,,1235800,,
1,1,,0.299507,0.700493,,999300,,
0,0,,0.885323,0.114677,,993000,,
0,0,,0.845337,0.154663,,1070400,,
0,0,,0.865632,0.134368,,1078400,,
0,0,,0.78552,0.21448,,1124400,,
0,0,,0.975661,0.024339,,992800,,
0,0,,0.751299,0.248701,,994300,,
1,1,,0.393603,0.606397,,1060400,,
0,0,,0.845032,0.154968,,971000,,
0,0,,0.880562,0.119438,,1025900,,
1,1,,0.110205,0.889795,,987400,,
1,1,,0.236113,0.763887,,1015800,,
1,1,,0.17716,0.82284,,1003000,,
0,0,,0.916748,0.083252,,996400,,
0,0,,0.803865,0.196135,,1017600,,
1,0,,0.522294,0.477706,,990600,,
0,0,,1,0,,1004200,,
0,0,,0.66392,0.33608,,1010700,,
0,0,,0.731185,0.268815,,1199700,,
1,0,,0.559964,0.440036,,1363200,,
0,0,,0.860836,0.139164,,1243100,,
0,0,,0.857297,0.142703,,1190700,,
0,0,,0.724708,0.275292,,1122200,,
0,0,,0.911613,0.088387,,1076000,,
1,1,,0.38602,0.61398,,1056700,,
1,1,,0.286514,0.713486,,1055600,,
0,0,,0.674673,0.325327,,1066700,,
0,0,,0.902806,0.097194,,1053900,,
1,1,,0.321259,0.678741,,1051000,,
1,0,,0.793753,0.206247,,1005500,,
1,1,,0.341183,0.658817,,1029700,,
0,0,,0.856776,0.143224,,972000,,
1,1,,0.404195,0.595805,,996000,,
1,1,,0.423353,0.576647,,945600,,
1,1,,0.410728,0.589272,,952600,,
0,0,,0.965146,0.034854,,1007400,,
1,1,,0.12401,0.87599,,994500,,
0,0,,0.920081,0.079919,,985800,,
1,1,,0.037742,0.962258,,986100,,
1,1,,0.171228,0.828772,,1005200,,
1,1,,0.307448,0.692552,,1003800,,
1,1,,0.220951,0.779049,,970600,,
0,0,,0.977245,0.022755,,968500,,
0,0,,0.793859,0.206141,,1005700,,
1,0,,0.639291,0.360709,,974800,,
0,0,,0.660846,0.339154,,942600,,
1,1,,0.327062,0.672938,,1030100,,
0,0,,0.953186,0.046814,,990700,,
1,1,,0.380514,0.619486,,1007000,,
0,0,,0.800201,0.199799,,977400,,
0,0,,0.903914,0.096086,,1012500,,
0,0,,0.942256,0.057744,,1009100,,
0,0,,0.918638,0.081362,,973200,,
1,1,,0.013684,0.986316,,986200,,
1,1,,0.195782,0.804218,,989800,,
1,1,,0.42609,0.57391,,1034000,,
1,1,,0.380135,0.619865,,1023800,,
1,1,,0.176113,0.823887,,994300,,
0,0,,0.79891,0.20109,,997200,,
0,0,,0.883717,0.116283,,1025300,,
1,1,,0.071466,0.928534,,943000,,
1,1,,0.429338,0.570662,,984400,,
0,0,,0.936901,0.063099,,986300,,
1,1,,0.310444,0.689556,,961300,,
1,1,,0.228724,0.771276,,999800,,
0,0,,0.813365,0.186635,,965900,,
1,1,,0.182983,0.817017,,974200,,
0,0,,0.951682,0.048318,,1020400,,
0,0,,0.615607,0.384393,,984400,,
0,0,,1,0,,989000,,
0,0,,0.817662,0.182338,,993900,,
0,0,,0.85877,0.14123,,993700,,
0,0,,0.938306,0.061694,,991700,,
0,0,,0.880258,0.119742,,929300,,
0,0,,0.725317,0.274683,,975400,,
0,0,,0.67942,0.32058,,1003000,,
1,1,,0.302981,0.697019,,993600,,
1,0,,0.571356,0.428644,,1034400,,
0,0,,0.951847,0.048153,,1046500,,
1,1,,0.327008,0.672992,,1046700,,
0,0,,0.865403,0.134597,,957100,,
1,1,,0.355329,0.644671,,1002800,,
1,1,,0.153401,0.846599,,1000900,,
0,0,,0.772651,0.227349,,1005600,,
0,0,,0.815502,0.184498,,1009700,,
0,0,,0.858314,0.141686,,970500,,
0,0,,0.826168,0.173832,,979600,,
1,1,,0.411302,0.588698,,1004700,,
1,1,,0.162879,0.837121,,941500,,
0,0,,0.747517,0.252483,,979200,,
0,0,,0.731071,0.268929,,995400,,
0,0,,0.848684,0.151316,,974600,,
1,1,,0.381678,0.618322,,989600,,
0,0,,0.911225,0.088775,,996100,,
1,1,,0.123333,0.876667,,981400,,
0,0,,0.781349,0.218651,,999700,,
1,1,,0.245897,0.754103,,988000,,
1,1,,0,1,,973700,,
0,0,,0.523209,0.476791,,986500,,
1,1,,0.058063,0.941937,,1001200,,
1,1,,0.033405,0.966595,,971800,,
1,1,,0.220319,0.779681,,992700,,
1,1,,0.342246,0.657754,,997600,,
0,0,,0.918728,0.081272,,923700,,
0,0,,0.93142,0.06858,,976000,,
0,0,,0.79252,0.20748,,995900,,
1,1,,0.041637,0.958363,,977200,,
0,0,,0.900743,0.099257,,969400,,
0,0,,0.919696,0.080304,,1024400,,
0,0,,0.902157,0.097843,,1046700,,
0,0,,0.896176,0.103824,,1035100,,
1,1,,0.021625,0.978375,,1012300,,
0,0,,0.894609,0.105391,,1011400,,
1,1,,0.496169,0.503831,,1012800,,
1,1,,0.407613,0.592387,,1045600,,
0,0,,0.975941,0.024059,,1019900,,
0,0,,0.769027,0.230973,,982400,,
1,1,,0.168191,0.831809,,950600,,
0,0,,0.765759,0.234241,,956200,,
0,0,,0.753528,0.246472,,980800,,
1,1,,0.177834,0.822166,,997200,,
1,1,,0.110225,0.889775,,1006700,,
1,1,,0.424014,0.575986,,1028500,,
0,0,,0.797308,0.202692,,960200,,
0,0,,0.73378,0.26622,,1016600,,
1,1,,0.166201,0.833799,,1011100,,
1,1,,0.420977,0.579023,,984400,,
1,1,,0.082061,0.917939,,990900,,
1,1,,0.323214,0.676786,,1007200,,
1,1,,0.354817,0.645183,,1058700,,
0,0,,0.879258,0.120742,,991100,,
1,1,,0.296077,0.703923,,1043300,,
0,1,,0.290465,0.709535,,989700,,
0,0,,0.955621,0.044379,,1000000,,
1,1,,0.260384,0.739616,,999700,,
0,0,,0.902148,0.097852,,1039200,,
1,1,,0.176049,0.823951,,1986900,,
1,0,,0.507199,0.492801,,3025900,,
0,0,,0.815424,0.184576,,3089900,,
0,0,,0.883775,0.116225,,3019900,,
1,0,,0.536342,0.463658,,2354800,,
0,0,,0.710872,0.289128,,2250300,,
0,0,,0.875358,0.124642,,2237900,,
0,0,,0.946935,0.053065,,2238800,,
0,0,,0.757332,0.242668,,1996200,,
0,0,,0.847547,0.152453,,1420100,,
1,1,,0.333171,0.666829,,1367600,,
1,1,,0.213494,0.786506,,1392200,,
1,1,,0.200604,0.799396,,1415000,,
1,1,,0.258415,0.741585,,1397600,,
0,0,,0.879408,0.120592,,1426600,,
0,0,,0.913059,0.086941,,1457100,,
0,0,,0.831917,0.168083,,1032900,,
1,1,,0.281124,0.718876,,1019800,,
1,1,,0.113032,0.886968,,1044500,,
0,0,,0.73696,0.26304,,1034900,,
1,1,,0.329262,0.670738,,1015900,,
1,1,,0.05662,0.94338,,999300,,
1,1,,0.332751,0.667249,,1002300,,
0,0,,0.90669,0.09331,,1014100,,
1,1,,0.094876,0.905124,,990800,,
0,0,,0.69183,0.30817,,994000,,
0,0,,0.800152,0.199848,,993300,,
0,0,,0.904869,0.095131,,1011800,,
0,0,,0.890336,0.109664,,980700,,
0,0,,0.978156,0.021844,,991700,,
1,1,,0.489346,0.510654,,1006900,,
1,1,,0.293068,0.706932,,987600,,
0,0,,0.90705,0.09295,,996600,,
1,1,,0.14192,0.85808,,979700,,
1,1,,0.063421,0.936579,,964300,,
1,1,,0.067156,0.932844,,1007400,,
1,1,,0.109891,0.890109,,1000000,,
0,0,,0.817508,0.182492,,1005800,,
0,1,,0.498799,0.501201,,986200,,
0,0,,0.862125,0.137875,,958400,,
1,1,,0.038792,0.961208,,978600,,
1,0,,0.807226,0.192774,,996100,,
0,0,,0.803466,0.196534,,990400,,
0,0,,0.659953,0.340047,,968900,,
1,1,,0.12545,0.87455,,1003500,,
1,1,,0,1,,970100,,
0,0,,0.788534,0.211466,,992300,,
0,0,,0.972029,0.027971,,985400,,
0,0,,0.837427,0.162573,,995000,,
1,1,,0.321759,0.678241,,993200,,
1,1,,0.26191,0.73809,,1005200,,
0,0,,0.639726,0.360274,,1005400,,
0,0,,0.890511,0.109489,,1004600,,
1,0,,0.526707,0.473293,,1068300,,
0,0,,0.799,0.201,,1060900,,
1,1,,0.051577,0.948423,,1026400,,
1,1,,0,1,,959000,,
1,1,,0.153342,0.846658,,1031000,,
0,0,,0.804646,0.195354,,1022800,,
1,1,,0.132934,0.867066,,1037800,,
1,0,,0.525344,0.474656,,1011400,,
0,0,,0.773138,0.226862,,994200,,
0,0,,0.897256,0.102744,,1025900,,
0,0,,0.631469,0.368531,,953300,,
1,0,,0.571819,0.428181,,973300,,
1,1,,0.230762,0.769238,,998100,,
0,0,,0.831072,0.168928,,1007200,,
0,0,,0.887747,0.112253,,969500,,
1,1,,0.394746,0.605254,,994400,,
1,1,,0.471223,0.528777,,993100,,
0,0,,0.908214,0.091786,,975100,,
1,0,,0.510417,0.489583,,988500,,
0,0,,0.935872,0.064128,,976800,,
0,0,,0.762304,0.237696,,994600,,
1,1,,0.082122,0.917878,,981500,,
0,0,,0.938797,0.061203,,964800,,
1,1,,0.122784,0.877216,,998100,,
1,0,,0.557931,0.442069,,946300,,
1,1,,0.391137,0.608863,,998800,,
1,0,,0.51099,0.48901,,993500,,
1,1,,0.224264,0.775736,,1016000,,
1,0,,0.664484,0.335516,,1053700,,
1,1,,0.060497,0.939503,,1022100,,
0,0,,0.7131,0.2869,,1297200,,
1,1,,0.185139,0.814861,,1028000,,
1,1,,0.163076,0.836924,,1028000,,
0,0,,0.830792,0.169208,,1018000,,
0,0,,0.55858,0.44142,,998600,,
1,1,,0.322489,0.677511,,1011000,,
1,1,,0.08099,0.91901,,969800,,
0,0,,0.748728,0.251272,,949400,,
1,0,,0.500836,0.499164,,962400,,
0,0,,0.893249,0.106751,,1062900,,
1,0,,0.591058,0.408942,,996200,,
0,0,,0.856925,0.143075,,1003200,,
1,1,,0.036158,0.963842,,984700,,
1,0,,0.740021,0.259979,,991700,,
0,0,,0.786138,0.213862,,962000,,
1,1,,0.204768,0.795232,,993500,,
0,0,,0.789627,0.210373,,1000000,,
1,1,,0.046042,0.953958,,977500,,
0,0,,0.853261,0.146739,,1010300,,
0,0,,0.894898,0.105102,,962000,,
1,1,,0.049841,0.950159,,981100,,
1,1,,0.283008,0.716992,,965500,,
0,0,,0.941332,0.058668,,970600,,
0,0,,0.89681,0.10319,,997400,,
0,0,,0.810218,0.189782,,1025500,,
1,1,,0.212871,0.787129,,996000,,
0,0,,0.826664,0.173336,,1005100,,
0,0,,0.548263,0.451737,,971000,,
1,0,,0.544176,0.455824,,996800,,
0,0,,0.890435,0.109565,,979500,,
0,0,,0.527381,0.472619,,969700,,
0,0,,0.975661,0.024339,,981500,,
0,0,,0.900064,0.099936,,1000100,,
1,1,,0.279564,0.720436,,956700,,
1,0,,0.567739,0.432261,,944300,,
0,0,,0.613817,0.386183,,1005100,,
1,1,,0.420712,0.579288,,955400,,
0,1,,0.276112,0.723888,,1012600,,
0,0,,0.937767,0.062233,,995400,,
1,1,,0.211563,0.788437,,1004700,,
0,0,,0.901694,0.098306,,999100,,
0,0,,0.796124,0.203876,,2602500,,
0,0,,0.719337,0.280663,,2973600,,
1,1,,0.408693,0.591307,,3067500,,
1,1,,0.405248,0.594752,,2978000,,
1,1,,0.081841,0.918159,,2916500,,
0,0,,0.674842,0.325158,,2937200,,
0,0,,0.70954,0.29046,,2979300,,
0,0,,0.903568,0.096432,,2735500,,
1,1,,0.153998,0.846002,,2114100,,
0,0,,0.745425,0.254575,,2114400,,
0,1,,0.443169,0.556831,,2089100,,
1,1,,0.178688,0.821312,,2147300,,
1,1,,0.299306,0.700694,,1664700,,
1,1,,0.352693,0.647307,,1280900,,
1,0,,0.51626,0.48374,,1243700,,
0,0,,0.901413,0.098587,,1263100,,
0,0,,0.868207,0.131793,,1250700,,
0,0,,0.849849,0.150151,,1277400,,
0,0,,0.764693,0.235307,,1265800,,
0,0,,0.819232,0.180768,,1267400,,
0,0,,0.891641,0.108359,,1139600,,
0,0,,0.927938,0.072062,,998800,,
1,1,,0.225153,0.774847,,970500,,
1,1,,0.315736,0.684264,,995800,,
0,0,,0.844297,0.155703,,998100,,
1,0,,0.501755,0.498245,,980000,,
1,1,,0.478417,0.521583,,985900,,
0,0,,0.777935,0.222065,,1190200,,
1,1,,0.277905,0.722095,,1360700,,
1,1,,0.375283,0.624717,,1454500,,
0,0,,0.842699,0.157301,,1730500,,
1,1,,0.23703,0.76297,,1755400,,
0,0,,0.895236,0.104764,,1730800,,
1,0,,0.656819,0.343181,,1748900,,
1,1,,0.190029,0.809971,,1808200,,
1,1,,0.299507,0.700493,,1630100,,
0,0,,0.676782,0.323218,,1374200,,
0,0,,0.915839,0.084161,,1372200,,
0,0,,0.82193,0.17807,,1353600,,
0,0,,0.572884,0.427116,,1363900,,
1,1,,0.216517,0.783483,,1361900,,
0,0,,0.795922,0.204078,,1349200,,
0,0,,0.888973,0.111027,,1241400,,
1,0,,0.534283,0.465717,,987200,,
0,0,,0.712963,0.287037,,1007300,,
0,0,,0.849422,0.150578,,1004300,,
0,1,,0.462765,0.537235,,1020200,,
0,0,,0.924623,0.075377,,952900,,
1,1,,0.282964,0.717036,,1004400,,
0,0,,0.78073,0.21927,,982900,,
1,1,,0.251126,0.748874,,1025400,,
1,1,,0.241585,0.758415,,1049400,,
0,0,,0.975941,0.024059,,1054200,,
0,0,,0.964321,0.035679,,1019900,,
0,0,,0.842772,0.157228,,1021500,,
0,0,,0.793682,0.206318,,1038100,,
0,0,,0.717687,0.282313,,1047500,,
0,0,,0.801966,0.198034,,1012000,,
0,0,,0.858002,0.141998,,1005700,,
1,1,,0.448438,0.551562,,964600,,
1,1,,0.367443,0.632557,,1046100,,
0,0,,0.628667,0.371333,,1052900,,
0,0,,0.889016,0.110984,,1016400,,
0,0,,0.72831,0.27169,,986000,,
1,1,,0.201849,0.798151,,1030900,,
0,0,,0.563264,0.436736,,1001800,,
1,1,,0.245785,0.754215,,1005900,,
0,0,,0.847402,0.152598,,968800,,
0,0,,0.574714,0.425286,,998000,,
0,0,,0.743455,0.256545,,993400,,
0,0,,0.790605,0.209395,,1053900,,
1,1,,0.309012,0.690988,,986800,,
0,0,,0.913312,0.086688,,1017600,,
1,1,,0.252879,0.747121,,1039600,,
0,0,,0.903988,0.096012,,1050300,,
1,1,,0.35814,0.64186,,1020800,,
1,1,,0.156106,0.843894,,1030600,,
0,0,,0.811123,0.188877,,974100,,
1,1,,0.464306,0.535694,,1006700,,
0,0,,0.714729,0.285271,,1005400,,
1,1,,0.337673,0.662327,,1027100,,
1,1,,0.097541,0.902459,,1222600,,
0,0,,0.760806,0.239194,,3043600,,
0,0,,0.804896,0.195104,,3132000,,
0,0,,0.920081,0.079919,,2992900,,
0,0,,0.819969,0.180031,,2947800,,
0,0,,0.861455,0.138545,,2934800,,
0,1,,0.433573,0.566427,,2965400,,
0,0,,0.951321,0.048679,,2982000,,
1,1,,0.266852,0.733148,,2231100,,
0,0,,0.816473,0.183527,,2080000,,
1,1,,0.189692,0.810308,,2110700,,
1,1,,0.170024,0.829976,,2149100,,
1,1,,0.198024,0.801976,,1917600,,
0,0,,0.849488,0.150512,,1251600,,
1,0,,0.588035,0.411965,,1220500,,
1,1,,0.498787,0.501213,,1232100,,
0,0,,0.868711,0.131289,,1216400,,
0,0,,0.978375,0.021625,,1227100,,
0,0,,0.98062,0.01938,,1191900,,
1,1,,0.173769,0.826231,,1200000,,
1,1,,0.298007,0.701993,,1219000,,
0,0,,0.787813,0.212187,,972900,,
1,1,,0.29728,0.70272,,990800,,
0,1,,0.301713,0.698287,,999800,,
1,1,,0.437857,0.562143,,969400,,
1,0,,0.744087,0.255913,,978100,,
0,0,,0.720789,0.279211,,956200,,
1,1,,0.141605,0.858395,,988700,,
1,1,,0.086033,0.913967,,983300,,
0,0,,0.580731,0.419269,,999300,,
0,0,,0.826149,0.173851,,977200,,
0,0,,0.902175,0.097825,,1018400,,
1,1,,0.430455,0.569545,,987600,,
0,0,,0.722241,0.277759,,1002000,,
1,1,,0.306408,0.693592,,1020100,,
1,1,,0.390682,0.609318,,1018700,,
1,1,,0.272194,0.727806,,1019100,,
1,1,,0.378778,0.621222,,994800,,
0,0,,0.87033,0.12967,,1026500,,
1,1,,0.338731,0.661269,,1028000,,
1,1,,0.100262,0.899738,,1054700,,
0,0,,0.951008,0.048992,,1042700,,
0,0,,0.684281,0.315719,,1017400,,
1,1,,0.299759,0.700241,,1010200,,
1,1,,0.302452,0.697548,,988700,,
0,0,,0.928534,0.071466,,959100,,
0,0,,0.912304,0.087696,,988200,,
1,1,,0.087489,0.912511,,969000,,
0,0,,0.65622,0.34378,,987200,,
1,1,,0.441653,0.558347,,967200,,
1,1,,0.324722,0.675278,,972300,,
1,1,,0.253873,0.746127,,982600,,
1,1,,0.168044,0.831956,,970600,,
0,0,,0.788006,0.211994,,987300,,
1,1,,0.272674,0.727326,,979200,,
0,0,,0.764079,0.235921,,976200,,
1,1,,0.258264,0.741736,,999300,,
1,1,,0,1,,971800,,
1,1,,0.448687,0.551313,,1010900,,
1,1,,0.373127,0.626873,,959200,,
0,0,,0.67278,0.32722,,998400,,
0,0,,0.837521,0.162479,,1004400,,
1,1,,0.472099,0.527901,,997200,,
0,0,,0.579509,0.420491,,1017500,,
1,1,,0.360109,0.639891,,990700,,
0,0,,0.767469,0.232531,,987900,,
1,1,,0.126776,0.873224,,985500,,
1,1,,0.248122,0.751878,,910800,,
0,0,,0.96772,0.03228,,942700,,
0,0,,0.944751,0.055249,,962000,,
1,1,,0.166699,0.833301,,1001600,,
0,0,,0.607558,0.392442,,1003200,,
0,0,,0.916837,0.083163,,1020800,,
0,0,,0.808453,0.191547,,972500,,
1,0,,0.506865,0.493135,,1022600,,
0,0,,0.730067,0.269933,,961300,,
1,1,,0.246934,0.753066,,990000,,
0,0,,0.647347,0.352653,,1005600,,
1,1,,0.418609,0.581391,,1027800,,
1,0,,0.708485,0.291515,,995100,,
1,1,,0.253284,0.746716,,1032300,,
0,0,,0.703845,0.296155,,990000,,
1,1,,0.342174,0.657826,,984200,,
0,0,,0.727476,0.272524,,999800,,
1,1,,0.255812,0.744188,,972900,,
0,0,,0.770011,0.229989,,992500,,
0,0,,0.754503,0.245497,,977300,,
1,1,,0.075623,0.924377,,986600,,
0,0,,0.723184,0.276816,,937300,,
1,1,,0.085447,0.914553,,982900,,
0,0,,0.902459,0.097541,,977500,,
1,1,,0.228234,0.771766,,1036100,,
1,1,,0.446545,0.553455,,1001800,,
1,1,,0.188464,0.811536,,955700,,
1,0,,0.637315,0.362685,,982200,,
1,1,,0.227493,0.772507,,1001300,,
0,0,,0.829387,0.170613,,993700,,
0,1,,0.498161,0.501839,,1007700,,
1,1,,0.095345,0.904655,,1010100,,
1,1,,0.262441,0.737559,,967800,,
0,0,,0.797227,0.202773,,1005700,,
1,1,,0.189875,0.810125,,973200,,
1,1,,0.173524,0.826476,,987500,,
0,0,,0.730456,0.269544,,994500,,
0,0,,0.721992,0.278008,,962000,,
1,1,,0.049448,0.950552,,999700,,
1,0,,0.872565,0.127435,,1009600,,
1,1,,0.104392,0.895608,,1006900,,
0,0,,0.875042,0.124958,,2034800,,
0,0,,0.692667,0.307333,,3040000,,
1,1,,0.104596,0.895404,,3017900,,
0,0,,0.743997,0.256003,,3064400,,
1,1,,0.47144,0.52856,,2983300,,
1,1,,0.325336,0.674664,,2848600,,
0,0,,0.882033,0.117967,,2807900,,
1,1,,0.282499,0.717501,,2784400,,
1,1,,0.393864,0.606136,,2634600,,
1,1,,0.20174,0.79826,,2053500,,
0,0,,0.815402,0.184598,,1948800,,
0,1,,0.30954,0.69046,,1986700,,
1,1,,0.159397,0.840603,,1924800,,
1,1,,0.070347,0.929653,,1850800,,
1,1,,0.3237,0.6763,,1113600,,
1,1,,0.095487,0.904513,,1098000,,
0,0,,0.7661,0.2339,,1123300,,
1,0,,0.732265,0.267735,,1114400,,
0,0,,0.775494,0.224506,,1122100,,
1,1,,0.122889,0.877111,,1124600,,
0,0,,0.53376,0.46624,,1108600,,
0,0,,0.746384,0.253616,,1102500,,
0,0,,0.878173,0.121827,,1135300,,
1,1,,0.146252,0.853748,,978400,,
1,1,,0.296772,0.703228,,997600,,
1,1,,0.165038,0.834962,,965800,,
0,0,,0.767565,0.232435,,1013100,,
1,1,,0.245639,0.754361,,1002500,,
1,1,,0.291969,0.708031,,969700,,
1,1,,0.395357,0.604643,,1009500,,
1,1,,0.051577,0.948423,,956300,,
0,0,,0.859271,0.140729,,943400,,
1,1,,0.304471,0.695529,,997200,,
1,1,,0.036158,0.963842,,1000000,,
0,0,,0.871805,0.128195,,1000300,,
0,0,,0.715037,0.284963,,1022800,,
0,0,,0.940353,0.059647,,1073400,,
1,1,,0.337189,0.662811,,1065200,,
1,1,,0.118511,0.881489,,1047200,,
1,1,,0.368966,0.631034,,1042200,,
0,0,,0.900933,0.099067,,974800,,
0,0,,0.877072,0.122928,,965000,,
1,1,,0.105574,0.894426,,1037900,,
1,1,,0.343117,0.656883,,996300,,
1,1,,0.311282,0.688718,,961500,,
1,0,,0.779889,0.220111,,1005100,,
1,1,,0.24999,0.75001,,957000,,
0,0,,0.875774,0.124226,,1022600,,
1,1,,0.214689,0.785311,,992000,,
1,1,,0.408457,0.591543,,970200,,
0,0,,0.806758,0.193242,,985000,,
0,0,,0.767969,0.232031,,997100,,
0,0,,0.760844,0.239156,,1015600,,
1,1,,0.198388,0.801612,,992300,,
1,1,,0.499159,0.500841,,990900,,
0,0,,0.777851,0.222149,,987600,,
1,1,,0.208029,0.791971,,1014900,,
1,1,,0.392436,0.607564,,997900,,
0,0,,0.667894,0.332106,,970600,,
1,1,,0.408231,0.591769,,956300,,
1,1,,0.285834,0.714166,,1001000,,
0,0,,0.927343,0.072657,,991000,,
1,1,,0.057782,0.942218,,990400,,
1,1,,0.484752,0.515248,,955900,,
0,0,,0.934287,0.065713,,982400,,
0,0,,0.619845,0.380155,,1026300,,
0,0,,0.85907,0.14093,,1014200,,
1,1,,0.316491,0.683509,,1001600,,
0,0,,0.680164,0.319836,,1000900,,
1,1,,0.245969,0.754031,,997200,,
0,0,,0.72123,0.27877,,1007500,,
1,0,,0.564702,0.435298,,993700,,
1,1,,0.167794,0.832206,,1020200,,
1,1,,0.293022,0.706978,,968500,,